Aujourd'hui 19:41,Samsunge galaxy A3,Agadir,700,https://www.avito.ma/fr/el_houda/téléphones/Samsunge_galaxy_A3_39936302.htm,
Aujourd'hui 21:00,P30pro/mat 20/LG/MI/Oneplus/iPhone11 pro max dual,Casablanca, ,https://www.avito.ma/fr/beausejour/téléphones/P30pro_mat_20_LG_MI_Oneplus_iPhone11_pro_max_dual_29340494.htm,
Aujourd'hui 20:38,Iphone 11 pro max,Casablanca,7 500,https://www.avito.ma/fr/bernoussi/téléphones/Iphone_11_pro_max__39936517.htm,
Aujourd'hui 20:31,6 Normal,Casablanca,1 000,https://www.avito.ma/fr/casablanca/téléphones/6_Normal_39936492.htm,
Aujourd'hui 20:19,InFocus Vzh T1 - 4G - 16Go Rom - 2Go Ram,Casablanca,500,https://www.avito.ma/fr/casablanca/téléphones/InFocus_Vzh_T1___4G___16Go_Rom___2Go_Ram__39936446.htm,
Aujourd'hui 20:12,iPhone 7 RED - 128GB - BON ÉTAT,Casablanca,2 400,https://www.avito.ma/fr/casablanca/téléphones/iPhone_7_RED___128GB___BON_ÉTAT__39936427.htm,
Aujourd'hui 20:07,ZTE Blade V7 Lite - 4G - 16Go Rom - 2Go Ram,Casablanca,650,https://www.avito.ma/fr/casablanca/téléphones/ZTE_Blade_V7_Lite___4G___16Go_Rom___2Go_Ram__39936417.htm,
Aujourd'hui 20:03,Samsung Gear S3 frontier - Presque neuve,Casablanca,1 700,https://www.avito.ma/fr/casablanca/téléphones/Samsung_Gear_S3_frontier___Presque_neuve_39585769.htm,
Aujourd'hui 20:03,IPhone Infinix oppo samsung huawei Original LCD,Casablanca, ,https://www.avito.ma/fr/anfa/téléphones/IPhone_Infinix_oppo_samsung_huawei_Original_LCD_35465411.htm,
Aujourd'hui 20:00,11 pro max/Mate/tab S6/Apple/p30 pro/note/oneplus,Casablanca, ,https://www.avito.ma/fr/bernoussi/téléphones/11_pro_max_Mate_tab_S6_Apple_p30_pro_note_oneplus_27169660.htm,
Aujourd'hui 19:57,Samsung Galaxy A40 - 4G - 64Go Rom - 4Go Ram,Casablanca,1 650,https://www.avito.ma/fr/casablanca/téléphones/Samsung_Galaxy_A40___4G___64Go_Rom___4Go_Ram__39936389.htm,
Aujourd'hui 19:47,note 10 plus,Casablanca,6 300,https://www.avito.ma/fr/casablanca/téléphones/note_10_plus__39936345.htm,
Aujourd'hui 19:33,Samsung s6,Casablanca,900,https://www.avito.ma/fr/al_fida/téléphones/Samsung_s6_39936284.htm,
Aujourd'hui 20:00,galaxy j7 pro librh mrhb,El Jadida,1 350,https://www.avito.ma/fr/el_jadida/téléphones/galaxy_j7_pro_librh_mrhb_39936397.htm,
Aujourd'hui 20:56,telephone portable huawei,Guelmim, ,https://www.avito.ma/fr/guelmim/téléphones/telephone_portable_huawei_39936580.htm,
Aujourd'hui 20:37,Huawei p8 lite 2017,Ksar el-Kebir,700,https://www.avito.ma/fr/ksar_el-kebir/téléphones/Huawei_p8_lite_2017_39936513.htm,
Aujourd'hui 20:45,iphone 11 red 64go,Marrakech,6 600,https://www.avito.ma/fr/marrakech/téléphones/iphone_11_red_64go_39936531.htm,
Aujourd'hui 20:44,Samsung Galaxy s9,Marrakech,3 500,https://www.avito.ma/fr/marrakech/téléphones/Samsung_Galaxy_s9_39936528.htm,
Aujourd'hui 20:30,huawei,Marrakech,800,https://www.avito.ma/fr/marrakech/téléphones/huawei__39936467.htm,
Aujourd'hui 19:58,/0988AA/ Montre Tracker Avec Localisation GSM/GPS,Marrakech,699,https://www.avito.ma/fr/av_mohammed_vi/téléphones/_0988AA__Montre_Tracker_Avec_Localisation_GSM_GPS_36983586.htm,
Aujourd'hui 19:49,Samsung,Marrakech,150,https://www.avito.ma/fr/marrakech/téléphones/Samsung_39936353.htm,
Aujourd'hui 19:42,x cover 3,Marrakech,350,https://www.avito.ma/fr/hay_massira/téléphones/x_cover_3__39936317.htm,
Aujourd'hui 19:40,Xiaomi Sharck 2 neuf ran 12 Go,Meknès,4 300,https://www.avito.ma/fr/hamria/téléphones/Xiaomi_Sharck_2_neuf_ran_12_Go_39920901.htm,
Aujourd'hui 20:55,S6 edge,Oujda,800,https://www.avito.ma/fr/centre_ville/téléphones/S6_edge_39936577.htm,
Aujourd'hui 20:31,A10,Oujda,950,https://www.avito.ma/fr/oujda/téléphones/A10_39936483.htm,
Aujourd'hui 20:30,galaxy A20,Oujda,1 400,https://www.avito.ma/fr/oujda/téléphones/galaxy_A20_39936482.htm,
Aujourd'hui 19:51,Samsung j4,Settat,900,https://www.avito.ma/fr/tanmiya/téléphones/Samsung_j4_39936359.htm,
Aujourd'hui 19:41,Infinix note 4 pro,Settat,900,https://www.avito.ma/fr/tanmiya/téléphones/Infinix_note_4_pro_39936303.htm,
Aujourd'hui 20:08,Acer Aspire V Nitro 2017,Tanger, ,https://www.avito.ma/fr/tanger/téléphones/Acer_Aspire_V_Nitro_2017_39936419.htm,
Aujourd'hui 20:07,Samsung Galaxy S8,Tanger,1 900,https://www.avito.ma/fr/tanger/téléphones/Samsung_Galaxy_S8_39936416.htm,
Aujourd'hui 20:05,Huawei P20 Lite,Tanger,1 600,https://www.avito.ma/fr/tanger/téléphones/Huawei_P20_Lite_39936414.htm,
Aujourd'hui 19:44,Iphone 11 64Gb,Tanger,6 800,https://www.avito.ma/fr/tanger/téléphones/Iphone_11_64Gb_39936333.htm,
Aujourd'hui 19:34,Iphone 6s 16GB Gold,Tanger,1 200,https://www.avito.ma/fr/tanger/téléphones/Iphone_6s_16GB_Gold_39936289.htm,
Aujourd'hui 21:02,IPhone 7 32GO,Temara,1 900,https://www.avito.ma/fr/massira_1/téléphones/IPhone_7_32GO__39936603.htm,
Aujourd'hui 20:57,IPhone 8 Plus 64 GO turbo,Temara,3 000,https://www.avito.ma/fr/massira_2/téléphones/IPhone_8_Plus_64_GO_turbo__39936588.htm,
