 ,,,, ,
 ,,,, ,
 ,,,, ,
 ,,,, ,
 ,,,, ,
 ,,,, ,
 ,,,, ,
 ,,,, ,
 ,,,, ,
 ,,,, ,
10 Mar 2020 14:10,Pc portable Mini  LG Blanc Intel Complet,Agadir,1 200,categorie/348/PC-bureaux-PC-portables-Tablettes/annonce/8267263/pc-portable-Mini-LG-Blanc-Intel-Complet.html,
29 Fév 2020 22:00,Dell optiplex 755,Agadir,400,categorie/348/PC-bureaux-PC-portables-Tablettes/annonce/8256102/Dell-optiplex-755.html,
29 Fév 2020 22:00,Pc lenovo x 240,Agadir,2 200,categorie/348/PC-bureaux-PC-portables-Tablettes/annonce/8256092/Pc-lenovo-x-240.html,
28 Fév 2020 09:48,HP elitebook,Agadir,2 500,categorie/348/PC-bureaux-PC-portables-Tablettes/annonce/8254349/HP-elitebook.html,
20 Fév 2020 18:27,HP Convertible,Agadir,5 500,categorie/348/PC-bureaux-PC-portables-Tablettes/annonce/8245793/HP-Convertible.html,
31 Jan 2020 17:15,Lenovo core i5,Agadir,3 300,categorie/348/PC-bureaux-PC-portables-Tablettes/annonce/8221028/Lenovo-core-i5.html,
25 Jan 2020 13:00,MacBook Retina or rose 8 giga 256 SSD 2019,Agadir,5 000,categorie/348/PC-bureaux-PC-portables-Tablettes/annonce/8212545/MacBook-Retina-or-rose-8-giga-256-SSD-2019.html,
23 Jan 2020 11:12,Tablette haier,Agadir,750,categorie/348/PC-bureaux-PC-portables-Tablettes/annonce/8210446/Tablette-haier.html,
09 Jan 2020 09:56,Mini pc Toshiba,Agadir,1 400,categorie/348/PC-bureaux-PC-portables-Tablettes/annonce/8194365/Mini-pc-Toshiba.html,
09 Jan 2020 09:56,Tablette tab E,Agadir,1 200,categorie/348/PC-bureaux-PC-portables-Tablettes/annonce/8194360/Tablette-tab-E.html,
29 Déc 2019 21:23,Asus a vendre,Agadir,3 600,categorie/348/PC-bureaux-PC-portables-Tablettes/annonce/8182811/Asus-a-vendre.html,
23 Déc 2019 20:29,Disque Dur LaCie Rugged Mini 500 Go Anti-Choc,Agadir,1 099,categorie/348/PC-bureaux-PC-portables-Tablettes/annonce/8176333/Disque-Dur-LaCie-Rugged-Mini-500-Go-Anti-Choc.html,
23 Déc 2019 20:29,Mallette hp professional neuf,Agadir,999,categorie/348/PC-bureaux-PC-portables-Tablettes/annonce/8176319/Mallette-hp-professional-neuf.html,
21 Déc 2019 11:58,Samsung tab A,Agadir,1 850,categorie/348/PC-bureaux-PC-portables-Tablettes/annonce/8173406/Samsung-tab-A.html,
27 Jan 2020 14:22,Pc Portable Lenovo  Intel Core 2 Duo Professionnel,Autre ville,950,categorie/348/PC-bureaux-PC-portables-Tablettes/annonce/8215249/Pc-Portable-Lenovo-Intel-Core-2-Duo-Professionnel.html,
18 Mar 2020 20:59,Pc Gamer Ultra + Full Games 2020,Casablanca,6 000,categorie/348/PC-bureaux-PC-portables-Tablettes/annonce/8274696/Pc-Gamer-Ultra-Full-Games-2020.html,
18 Mar 2020 20:59,Pc portable  TOSHIBA Satellite Intel Core 2 Duo,Casablanca,1 200,categorie/348/PC-bureaux-PC-portables-Tablettes/annonce/8274614/pc-portable-TOSHIBA-Satellite-Intel-Core-2-Duo.html,
16 Mar 2020 21:07,Pc Lenovo i7 8 éme génération,Casablanca,6 500,categorie/348/PC-bureaux-PC-portables-Tablettes/annonce/8155420/Pc-Lenovo-i7-8-éme-génération.html,
13 Mar 2020 17:00,ASUS Intel 250 Disc Dur et Sac Noir Propre Complet,Casablanca,1 300,categorie/348/PC-bureaux-PC-portables-Tablettes/annonce/8271342/ASUS-Intel-250-Disc-Dur-et-Sac-Noir-Propre-Complet.html,
11 Mar 2020 17:30,Pc dell latitude e5430,Casablanca,2 500,categorie/348/PC-bureaux-PC-portables-Tablettes/annonce/8269071/Pc-dell-latitude-e5430.html,
09 Mar 2020 14:20,PC DELL FIXE Core2Quad,Casablanca,500,categorie/348/PC-bureaux-PC-portables-Tablettes/annonce/8266055/PC-DELL-FIXE-Core2Quad.html,
08 Mar 2020 19:16,Pc Portable LG Mini ATHOM Propre Complet,Casablanca,1 000,categorie/348/PC-bureaux-PC-portables-Tablettes/annonce/8264762/Pc-Portable-LG-Mini-ATHOM-Propre-Complet.html,
07 Mar 2020 15:39,Pc portablesiemens,Casablanca,350,categorie/348/PC-bureaux-PC-portables-Tablettes/annonce/8264169/Pc-portablesiemens.html,
04 Mar 2020 09:38,PC HP,Casablanca,2 000,categorie/348/PC-bureaux-PC-portables-Tablettes/annonce/8259873/PC-HP.html,
03 Mar 2020 18:46,Sony Vaio DUO 13 comme neuf,Casablanca,5 000,categorie/348/PC-bureaux-PC-portables-Tablettes/annonce/8259647/Sony-Vaio-DUO-13-comme-neuf.html,
02 Mar 2020 16:01,Vente PC portable Lenovo Thinkpad,Casablanca,1 300,categorie/348/PC-bureaux-PC-portables-Tablettes/annonce/8257908/Vente-PC-portable-Lenovo-Thinkpad.html,
29 Fév 2020 15:27,HP Probook SSD,Casablanca,6 600,categorie/348/PC-bureaux-PC-portables-Tablettes/annonce/8255972/HP-Probook-SSD.html,
29 Fév 2020 15:24,Acer Nitro 5 Gamer Neuf jamais utilisé.,Casablanca,7 400,categorie/348/PC-bureaux-PC-portables-Tablettes/annonce/8255967/Acer-Nitro-5-Gamer-Neuf-jamais-utilisé.html,
28 Fév 2020 23:01,Kindle paperwhite,Casablanca,1 500,categorie/348/PC-bureaux-PC-portables-Tablettes/annonce/8255383/Kindle-paperwhite.html,
26 Fév 2020 20:24,Samsung tab E,Casablanca,1 200,categorie/348/PC-bureaux-PC-portables-Tablettes/annonce/8252782/Samsung-tab-E.html,
24 Fév 2020 23:30,Pc HP,Casablanca,2 400,categorie/348/PC-bureaux-PC-portables-Tablettes/annonce/8250257/pc-HP.html,
23 Fév 2020 17:39,Pc portable lenovo Thinkpad i5 pouce 12,Casablanca,1 700,categorie/348/PC-bureaux-PC-portables-Tablettes/annonce/8248382/Pc-portable-lenovo-Thinkpad-i5-pouce-12.html,
23 Fév 2020 17:37,Pc portable lenovo Thinkpad i5 pouce 12,Casablanca,1 700,categorie/348/PC-bureaux-PC-portables-Tablettes/annonce/8248383/Pc-portable-lenovo-Thinkpad-i5-pouce-12.html,
23 Fév 2020 17:36,Mini pc portable acer,Casablanca,800,categorie/348/PC-bureaux-PC-portables-Tablettes/annonce/8248330/mini-pc-portable-acer.html,
20 Fév 2020 16:21,Pc portable Hp,Casablanca,1 000,categorie/348/PC-bureaux-PC-portables-Tablettes/annonce/8245657/Pc-portable-Hp.html,
20 Fév 2020 16:21, Cartable Original Neuve Pour Pc Portable,Casablanca,350,categorie/348/PC-bureaux-PC-portables-Tablettes/annonce/8245488/ Cartable-Original-Neuve-Pour-Pc-Portable.html,
18 Fév 2020 10:58,PC portable Ferrari,Casablanca,7 500,categorie/348/PC-bureaux-PC-portables-Tablettes/annonce/8242019/PC-portable-Ferrari.html,
17 Fév 2020 10:33,Hp elite desk 800-g1,Casablanca,1 600,categorie/348/PC-bureaux-PC-portables-Tablettes/annonce/8239846/Hp-elite-desk-800-g1.html,
15 Fév 2020 23:03,‎حاسوب كامل للبيع ثمن رمزي,Casablanca,500,categorie/348/PC-bureaux-PC-portables-Tablettes/annonce/8239341/‎حاسوب-كامل-للبيع-ثمن-رمزي.html,
13 Fév 2020 23:21,MacBook Pro 2018 TouchBar 15 pouces,Casablanca,12 500,categorie/348/PC-bureaux-PC-portables-Tablettes/annonce/8237383/MacBook-Pro-2018-TouchBar-15-pouces.html,
13 Fév 2020 16:39,Echange mon ipad 64go contre ordinateur bureau,Casablanca,,categorie/348/PC-bureaux-PC-portables-Tablettes/annonce/8236867/Echange-mon-ipad-64go-contre-ordinateur-bureau.html,
12 Fév 2020 12:37,Pc hp compaq,Casablanca,600,categorie/348/PC-bureaux-PC-portables-Tablettes/annonce/8234682/Pc-hp-compaq.html,
11 Fév 2020 09:26,Dell precision 7710,Casablanca,8 000,categorie/348/PC-bureaux-PC-portables-Tablettes/annonce/8233339/dell-precision-7710.html,
10 Fév 2020 23:08,Lenovo thinkpad t490s i7 8eme,Casablanca,,categorie/348/PC-bureaux-PC-portables-Tablettes/annonce/8233191/Lenovo-thinkpad-t490s-i7-8eme.html,
10 Fév 2020 23:08,Dell latitude 5400 i5 8éme 256ssd 8go ram,Casablanca,,categorie/348/PC-bureaux-PC-portables-Tablettes/annonce/8233187/Dell-latitude-5400-i5-8éme-256ssd-8go-ram.html,
10 Fév 2020 16:21,Samsung Galaxy Tab S2 A vendre 4G Blanche,Casablanca,1,categorie/348/PC-bureaux-PC-portables-Tablettes/annonce/8232546/Samsung-Galaxy-Tab-S2-A-vendre-4G-Blanche.html,
09 Fév 2020 20:04,Acer  nvidia 630 i7,Casablanca,2 300,categorie/348/PC-bureaux-PC-portables-Tablettes/annonce/8231586/acer-nvidia-630-i7.html,
09 Fév 2020 18:24,Dell LATITUDE E5470 I5 6EME GEN 8GB/ 256SSD,Casablanca,3 990,categorie/348/PC-bureaux-PC-portables-Tablettes/annonce/8182690/Dell-LATITUDE-E5470-I5-6EME-GEN-8GB-256SSD.html,
09 Fév 2020 18:23,Setup gamer Pc RTX2070/Asus rog /cs rayzer,Casablanca,26 000,categorie/348/PC-bureaux-PC-portables-Tablettes/annonce/8231428/Setup-gamer-Pc-RTX2070Asus-rog-cs-rayzer.html,
08 Fév 2020 11:34,PC portable Ferrari,Casablanca,7 500,categorie/348/PC-bureaux-PC-portables-Tablettes/annonce/8230457/PC-portable-Ferrari.html,
08 Fév 2020 11:34,Pc acer aspire5720zg,Casablanca,800,categorie/348/PC-bureaux-PC-portables-Tablettes/annonce/8230300/Pc-acer-aspire5720zg.html,
08 Fév 2020 11:34,Pc portable cor2,Casablanca,700,categorie/348/PC-bureaux-PC-portables-Tablettes/annonce/8230295/Pc-portable-cor2.html,
06 Fév 2020 18:26,PC DELL LATITUDE -i3590,Casablanca,1 600,categorie/348/PC-bureaux-PC-portables-Tablettes/annonce/8228627/PC-DELL-LATITUDE-i3590.html,
04 Fév 2020 09:55,Ultra Config Gamer Rysen 3600 RTX 2070 SUPER 3FAN,Casablanca,15 300,categorie/348/PC-bureaux-PC-portables-Tablettes/annonce/8224456/Ultra-Config-Gamer-Rysen-3600-RTX-2070-SUPER-3FAN.html,
04 Fév 2020 09:55,Config gamer3700x x570rtx 2080 aurus,Casablanca,19 500,categorie/348/PC-bureaux-PC-portables-Tablettes/annonce/8224445/Config-gamer3700x-x570rtx-2080-aurus.html,
03 Fév 2020 15:11,Ipad mini wifi 16g a vendre,Casablanca,1 100,categorie/348/PC-bureaux-PC-portables-Tablettes/annonce/8223627/Ipad-mini-wifi-16g-a-vendre.html,
02 Fév 2020 08:36,Ventemini pc eeepc asus hd904,Casablanca,950,categorie/348/PC-bureaux-PC-portables-Tablettes/annonce/8222411/Ventemini-pc-eeepc-asus-hd904.html,
01 Fév 2020 19:42,MacBook pro i9 2018 15pouces 32g et stockages 1To,Casablanca,18 500,categorie/348/PC-bureaux-PC-portables-Tablettes/annonce/8222178/MacBook-pro-i9-2018-15pouces-32g-et-stockages-1To.html,
29 Jan 2020 13:02,PC SAMSUNG PUISSANT,Casablanca,2 800,categorie/348/PC-bureaux-PC-portables-Tablettes/annonce/8217946/PC-SAMSUNG-PUISSANT.html,
25 Jan 2020 13:01,LENOVO IDEAPAD DOUBLE DISQUE DURE 8G RAM 9éme GÉN,Casablanca,3 000,categorie/348/PC-bureaux-PC-portables-Tablettes/annonce/8212660/LENOVO-IDEAPAD-DOUBLE-DISQUE-DURE-8G-RAM-9éme-GÉN.html,
24 Jan 2020 12:58,Pc Portable ACER 15.6  Propre Intel 160 DR Complet,Casablanca,1 200,categorie/348/PC-bureaux-PC-portables-Tablettes/annonce/8212205/Pc-Portable-ACER-156-Propre-Intel-160-DR-Complet.html,
22 Jan 2020 10:47,SAMSUNG MINI PC,Casablanca,650,categorie/348/PC-bureaux-PC-portables-Tablettes/annonce/8209394/SAMSUNG-MINI-PC.html,
21 Jan 2020 16:31,Vente pc acer travelmate2300,Casablanca,700,categorie/348/PC-bureaux-PC-portables-Tablettes/annonce/8208783/Vente-pc-acer-travelmate2300.html,
20 Jan 2020 18:49,ASUS K53SV Puissant,Casablanca,2 500,categorie/348/PC-bureaux-PC-portables-Tablettes/annonce/8207385/ASUS-K53SV-Puissant.html,
15 Jan 2020 13:47,DELL 6420 (occasion),Casablanca,1 600,categorie/348/PC-bureaux-PC-portables-Tablettes/annonce/8201796/DELL-6420-(occasion).html,
14 Jan 2020 17:49,ALL IN ONE HP COMPAQ PRO 4300,Casablanca,1 900,categorie/348/PC-bureaux-PC-portables-Tablettes/annonce/8200772/ALL-IN-ONE-HP-COMPAQ-PRO-4300.html,
14 Jan 2020 17:49,ALL IN ONE HP PROONE 400 G1,Casablanca,2 000,categorie/348/PC-bureaux-PC-portables-Tablettes/annonce/8200683/ALL-IN-ONE-HP-PROONE-400-G1.html,
13 Jan 2020 18:44,Toshiba mini à vendre,Casablanca,1 000,categorie/348/PC-bureaux-PC-portables-Tablettes/annonce/8199453/Toshiba-mini-à-vendre.html,
12 Jan 2020 19:00,Pc Portable ASUS Intel Complet Propre,Casablanca,950,categorie/348/PC-bureaux-PC-portables-Tablettes/annonce/8198100/Pc-Portable-ASUS-Intel-Complet-Propre.html,
11 Jan 2020 15:55,Macbook pro i7,Casablanca,3 800,categorie/348/PC-bureaux-PC-portables-Tablettes/annonce/8197451/Macbook-pro-i7.html,
10 Jan 2020 17:03,TOSHIBE AT300,Casablanca,790,categorie/348/PC-bureaux-PC-portables-Tablettes/annonce/8196667/TOSHIBE-AT300.html,
09 Jan 2020 15:21,Pc portable,Casablanca,6 500,categorie/348/PC-bureaux-PC-portables-Tablettes/annonce/8194421/pc-portable.html,
08 Jan 2020 17:04,ACER Intel Aspire 15.6 pouce Propre 4 RAM Prof,Casablanca,1 300,categorie/348/PC-bureaux-PC-portables-Tablettes/annonce/8194154/ACER-Intel-Aspire-156-pouce-Propre-4-RAM-Prof.html,
08 Jan 2020 14:05,Nouveaux inspirons DELL A VENDRE DÉSTOCKAGE,Casablanca,6 849,categorie/348/PC-bureaux-PC-portables-Tablettes/annonce/8193528/Nouveaux-inspirons-DELL-A-VENDRE-DÉSTOCKAGE.html,
07 Jan 2020 17:56,ACER Intel 15.6 pouce Propre 4 GB RAM Prof,Casablanca,1 300,categorie/348/PC-bureaux-PC-portables-Tablettes/annonce/8192351/ACER-Intel-156-pouce-Propre-4-GB-RAM-Prof.html,
07 Jan 2020 10:18,Pc hp hmd a8,Casablanca,,categorie/348/PC-bureaux-PC-portables-Tablettes/annonce/8191708/Pc-hp-hmd-a8.html,
06 Jan 2020 15:46,Pc imac,Casablanca,4 000,categorie/348/PC-bureaux-PC-portables-Tablettes/annonce/8191094/Pc-imac.html,
06 Jan 2020 10:45,PC protable LENOVO T420 CORE tm i5 vPro,Casablanca,1 500,categorie/348/PC-bureaux-PC-portables-Tablettes/annonce/8189822/PC-protable-LENOVO-T420-CORE-tm-i5-vPro.html,
06 Jan 2020 10:44,Dell latitude D830,Casablanca,1 200,categorie/348/PC-bureaux-PC-portables-Tablettes/annonce/8189780/Dell-latitude-D830.html,
05 Jan 2020 10:00,Ebook Reader Energy Sistem,Casablanca,260,categorie/348/PC-bureaux-PC-portables-Tablettes/annonce/8189488/Ebook-Reader-Energy-Sistem.html,
05 Jan 2020 10:00,Caisse tactile occasion,Casablanca,2 700,categorie/348/PC-bureaux-PC-portables-Tablettes/annonce/8189474/Caisse-tactile-occasion.html,
03 Jan 2020 19:00,Macbook pro retina,Casablanca,6 300,categorie/348/PC-bureaux-PC-portables-Tablettes/annonce/8188454/Macbook-pro-retina.html,
03 Jan 2020 19:00,Pc portable core i5 4 ème génération,Casablanca,2 600,categorie/348/PC-bureaux-PC-portables-Tablettes/annonce/8188283/Pc-portable-core-i5-4-ème-génération.html,
03 Jan 2020 10:08,Asus X541U core i5 6th RAM 8GO DD 1000GO,Casablanca,2 600,categorie/348/PC-bureaux-PC-portables-Tablettes/annonce/8187287/Asus-X541U-core-i5-6th-RAM-8GO-DD-1000GO.html,
30 Déc 2019 15:55,Macbook pro i5,Casablanca,3 200,categorie/348/PC-bureaux-PC-portables-Tablettes/annonce/8183859/Macbook-pro-i5.html,
30 Déc 2019 10:11,Hp elitebook 810 G2 tactile RAM 8GO DD 125SSD,Casablanca,2 600,categorie/348/PC-bureaux-PC-portables-Tablettes/annonce/8183127/Hp-elitebook-810-G2-tactile-RAM-8GO-DD-125SSD.html,
29 Déc 2019 21:22,Tel a 20,Casablanca,950,categorie/348/PC-bureaux-PC-portables-Tablettes/annonce/8182316/Tel-a-20.html,
28 Déc 2019 12:20,PC HP intel core i5,Casablanca,1 300,categorie/348/PC-bureaux-PC-portables-Tablettes/annonce/8181768/PC-HP-intel-core-i5.html,
27 Déc 2019 23:58,Vente un bijou pc acer travelmate2300,Casablanca,750,categorie/348/PC-bureaux-PC-portables-Tablettes/annonce/8181737/vente-un-bijou-pc-acer-travelmate2300.html,
26 Déc 2019 10:22,ASUS R541UJ Gamer ( i7 - Nvidia GeForce ),Casablanca,6 500,categorie/348/PC-bureaux-PC-portables-Tablettes/annonce/8179465/ASUS-R541UJ-Gamer-(-i7-Nvidia-GeForce-).html,
25 Déc 2019 20:53,Acer Aspire E15 A10 8700P RAM 8GB DD 1000GO,Casablanca,2 700,categorie/348/PC-bureaux-PC-portables-Tablettes/annonce/8178982/Acer-Aspire-E15-A10-8700P-RAM-8GB-DD-1000GO.html,
24 Déc 2019 14:03,Vente un mini pc asus Eeepc HD904,Casablanca,980,categorie/348/PC-bureaux-PC-portables-Tablettes/annonce/8177240/vente-un-mini-pc-asus-Eeepc-HD904.html,
22 Déc 2019 19:01,Vente un mini pc asus Eeepc HD904,Casablanca,970,categorie/348/PC-bureaux-PC-portables-Tablettes/annonce/8174370/vente-un-mini-pc-asus-Eeepc-HD904.html,
22 Déc 2019 19:01,Pc bureau hp i5,Casablanca,2 000,categorie/348/PC-bureaux-PC-portables-Tablettes/annonce/8174057/Pc-bureau-hp-i5.html,
21 Déc 2019 11:58,Pc acer,Casablanca,770,categorie/348/PC-bureaux-PC-portables-Tablettes/annonce/8173590/Pc-acer.html,
18 Déc 2019 15:48,Pc complet,Casablanca,900,categorie/348/PC-bureaux-PC-portables-Tablettes/annonce/8170406/pc-complet.html,
18 Déc 2019 13:36,Pc acer aspire5720zg,Casablanca,1 150,categorie/348/PC-bureaux-PC-portables-Tablettes/annonce/8170141/Pc-acer-aspire5720zg.html,
17 Déc 2019 11:10,Pc portable dell,Casablanca,2 000,categorie/348/PC-bureaux-PC-portables-Tablettes/annonce/8103303/Pc-portable-dell.html,
16 Déc 2019 10:40,Canlsat iptv,Casablanca,300,categorie/348/PC-bureaux-PC-portables-Tablettes/annonce/8166698/Canlsat-iptv.html,
16 Déc 2019 10:39,Mallette hp professional neuf,Casablanca,1 099,index.php?a=2&b=8166675,
14 Déc 2019 23:53,Dell Latitude 3840 Black Mate Core i5 6th Gen. / 4,Casablanca,3 500,categorie/348/PC-bureaux-PC-portables-Tablettes/annonce/8165665/Dell-Latitude-3840-Black-Mate-Core-i5-6th-Gen-4.html,
14 Déc 2019 10:22,Pc acer aspire5720zg,Casablanca,1 150,categorie/348/PC-bureaux-PC-portables-Tablettes/annonce/8164979/Pc-acer-aspire5720zg.html,
13 Déc 2019 18:16,Microsoft Surface pro 3 i5 128gb,Casablanca,1 500,categorie/348/PC-bureaux-PC-portables-Tablettes/annonce/8164702/Microsoft-Surface-pro-3-i5-128gb.html,
12 Déc 2019 23:44,Vente un  pc diamant acer aspire5920G,Casablanca,1 080,categorie/348/PC-bureaux-PC-portables-Tablettes/annonce/8163528/Vente-un-pc-diamant-acer-aspire5920G.html,
12 Déc 2019 23:43,Pc bureauà vendre,Casablanca,1 000,categorie/348/PC-bureaux-PC-portables-Tablettes/annonce/8163493/Pc-bureauà-vendre.html,
13 Mar 2020 21:41,حاسوب صغير,El jadida,1 500,categorie/348/PC-bureaux-PC-portables-Tablettes/annonce/8271767/حاسوب-صغير.html,
15 Jan 2020 18:47,Pc portables dell,El jadida,1 300,categorie/348/PC-bureaux-PC-portables-Tablettes/annonce/8201962/Pc-portables-dell.html,
21 Fév 2020 16:11,Macbook air 13 pouces,Fès,3 500,categorie/348/PC-bureaux-PC-portables-Tablettes/annonce/8246644/Macbook-air-13-pouces.html,
03 Fév 2020 09:17,PC PORTABLE TOSHIBA,Fès,800,categorie/348/PC-bureaux-PC-portables-Tablettes/annonce/8222652/PC-PORTABLE-TOSHIBA.html,
24 Jan 2020 11:34,LENOVO YOGA 520 Ultra book TACTILcore i5-7th,Fès,4 800,categorie/348/PC-bureaux-PC-portables-Tablettes/annonce/8212075/LENOVO-YOGA-520-Ultra-book-TACTILcore-i5-7th.html,
21 Jan 2020 10:19,PC portable ACER,Fès,1 500,categorie/348/PC-bureaux-PC-portables-Tablettes/annonce/8158792/PC-portable-ACER.html,
21 Jan 2020 10:19,PC portable I5,Fès,1 800,categorie/348/PC-bureaux-PC-portables-Tablettes/annonce/8158801/PC-portable-I5.html,
30 Déc 2019 23:42,قاعة ألعاب بلايستيشن و سيبير,Fès,12 500,categorie/348/PC-bureaux-PC-portables-Tablettes/annonce/8184317/قاعة-ألعاب-بلايستيشن-و-سيبير.html,
17 Déc 2019 13:24,DELL LATITUDE 5480 Core i5 7th,Fès,4 500,categorie/348/PC-bureaux-PC-portables-Tablettes/annonce/8168650/DELL-LATITUDE-5480-Core-i5-7th.html,
17 Déc 2019 13:24,DELL G3 17 8th Gen Core i7-8th,Fès,12 000,categorie/348/PC-bureaux-PC-portables-Tablettes/annonce/8168644/DELL-G3-17-8th-Gen-Core-i7-8th.html,
15 Mar 2020 10:24,PC Portable i5 5iem,Khouribga,4 300,categorie/348/PC-bureaux-PC-portables-Tablettes/annonce/8272387/PC-Portable-i5-5iem.html,
20 Déc 2019 11:48,Pc i3 samsung,Khouribga,1 600,categorie/348/PC-bureaux-PC-portables-Tablettes/annonce/8172726/Pc-i3-samsung.html,
11 Mar 2020 17:31,Acer i5 7eme generation,Kénitra,3 600,categorie/348/PC-bureaux-PC-portables-Tablettes/annonce/8269264/acer-i5-7eme-generation.html,
04 Mar 2020 17:28,Clavier Dell latitude E6500 neuf,Kénitra,150,categorie/348/PC-bureaux-PC-portables-Tablettes/annonce/8260465/Clavier-Dell-latitude-E6500-neuf.html,
17 Fév 2020 15:33,Pc portable acer a marche,Kénitra,500,categorie/348/PC-bureaux-PC-portables-Tablettes/annonce/8240816/Pc-portable-acer-a-marche.html,
19 Jan 2020 13:01,Motorola G6 Double SIM ET Double Caméra,Kénitra,1 000,categorie/348/PC-bureaux-PC-portables-Tablettes/annonce/8205865/Motorola-G6-Double-SIM-ET-Double-Caméra.html,
14 Jan 2020 12:19,PC GAMER LEGION Y520 i5-7TH GTX 1050,Kénitra,7 500,categorie/348/PC-bureaux-PC-portables-Tablettes/annonce/8200325/PC-GAMER-LEGION-Y520-i5-7TH-GTX-1050.html,
14 Déc 2019 18:18,Dell Latitude Core I5 5éme Génération 4Go 160Gb,Kénitra,1 800,categorie/348/PC-bureaux-PC-portables-Tablettes/annonce/8165494/Dell-Latitude-Core-I5-5éme-Génération-4Go-160Gb.html,
Aujourd'hui 12:17,Vente PC  bureau complet,Laayoune,1 500,categorie/348/PC-bureaux-PC-portables-Tablettes/annonce/8275202/Vente-PC-bureau-complet.html,
Hier 13:44,PC portable Asus,Marrakech,2 000,categorie/348/PC-bureaux-PC-portables-Tablettes/annonce/8274880/PC-portable-Asus.html,
17 Mar 2020 18:18,PC Dell et Ecran HP,Marrakech,600,categorie/348/PC-bureaux-PC-portables-Tablettes/annonce/8274000/PC-Dell-et-Ecran-HP.html,
17 Mar 2020 10:52,Pc acer,Marrakech,500,categorie/348/PC-bureaux-PC-portables-Tablettes/annonce/8273701/Pc-acer.html,
08 Mar 2020 19:15,HP 250 G6 Core i3 6006U,Marrakech,3 700,categorie/348/PC-bureaux-PC-portables-Tablettes/annonce/8264426/HP-250-G6-Core-i3-6006U.html,
07 Mar 2020 15:39,PC HP Elitebook,Marrakech,2 700,categorie/348/PC-bureaux-PC-portables-Tablettes/annonce/8263929/PC-HP-Elitebook.html,
03 Mar 2020 08:26,IBM T40 THINKPAD,Marrakech,500,categorie/348/PC-bureaux-PC-portables-Tablettes/annonce/8258659/IBM-T40-THINKPAD.html,
22 Fév 2020 12:36,Lenovo b50,Marrakech,2 500,categorie/348/PC-bureaux-PC-portables-Tablettes/annonce/8247358/lenovo-b50.html,
21 Fév 2020 16:10,Macbook pro 15 pouces,Marrakech,3 750,categorie/348/PC-bureaux-PC-portables-Tablettes/annonce/8246475/Macbook-pro-15-pouces.html,
14 Fév 2020 21:15,Pc portable samsug,Marrakech,1 500,categorie/348/PC-bureaux-PC-portables-Tablettes/annonce/8238468/Pc-portable-samsug.html,
06 Fév 2020 16:26,Pc acer duo core,Marrakech,600,categorie/348/PC-bureaux-PC-portables-Tablettes/annonce/8228422/pc-acer-duo-core.html,
05 Fév 2020 13:45,Hp pavillon dv6,Marrakech,800,categorie/348/PC-bureaux-PC-portables-Tablettes/annonce/8226179/Hp-pavillon-dv6.html,
04 Fév 2020 09:59,Abonnement iptv,Marrakech,350,categorie/348/PC-bureaux-PC-portables-Tablettes/annonce/8224512/abonnement-iptv.html,
18 Jan 2020 22:18,Acer travel mate,Marrakech,1 200,categorie/348/PC-bureaux-PC-portables-Tablettes/annonce/8205551/Acer-travel-mate.html,
12 Jan 2020 19:14,ASUS I7 Gamer,Marrakech,5 500,categorie/348/PC-bureaux-PC-portables-Tablettes/annonce/8197449/ASUS-I7-Gamer.html,
06 Jan 2020 11:47,Pc packerd bell,Marrakech,800,categorie/348/PC-bureaux-PC-portables-Tablettes/annonce/8190538/Pc-packerd-bell.html,
30 Déc 2019 10:10,Hp core 2 duo desktop,Marrakech,1 500,categorie/348/PC-bureaux-PC-portables-Tablettes/annonce/8183111/Hp-core-2-duo-desktop.html,
16 Déc 2019 16:45,Hp elitebook i5,Marrakech,,categorie/348/PC-bureaux-PC-portables-Tablettes/annonce/8167458/hp-elitebook-i5.html,
16 Déc 2019 07:33,Pc fixe hp core2duo,Marrakech,1 000,categorie/348/PC-bureaux-PC-portables-Tablettes/annonce/8166410/Pc-fixe-hp-core2duo.html,
12 Déc 2019 23:44,Pc hp elitebook i5,Marrakech,3 500,categorie/348/PC-bureaux-PC-portables-Tablettes/annonce/8163635/pc-hp-elitebook-i5.html,
12 Déc 2019 17:22,Pc toshiba 3gb ram pls 300gb stockage,Marrakech,900,categorie/348/PC-bureaux-PC-portables-Tablettes/annonce/8163295/Pc-toshiba-3gb-ram-pls-300gb-stockage.html,
05 Mar 2020 11:36,Pc portable Asus i5,Meknès,2 400,categorie/348/PC-bureaux-PC-portables-Tablettes/annonce/8261247/Pc-portable-Asus-i5.html,
03 Mar 2020 14:49,Pc portable accer i5,Meknès,2 400,categorie/348/PC-bureaux-PC-portables-Tablettes/annonce/8259252/Pc-portable-accer-i5.html,
30 Jan 2020 16:50,Pc appel ibock,Meknès,350,categorie/348/PC-bureaux-PC-portables-Tablettes/annonce/8219742/Pc-appel-ibock.html,
17 Déc 2019 10:19,Pc TOSHIBA 800GB 4GB RAM,Meknès,2 000,categorie/348/PC-bureaux-PC-portables-Tablettes/annonce/8167940/Pc-TOSHIBA-800GB-4GB-RAM.html,
24 Jan 2020 11:37,Toshiba tecra z50 core i5-6th Gén,Mohammedia,4 000,categorie/348/PC-bureaux-PC-portables-Tablettes/annonce/8212099/toshiba-tecra-z50-core-i5-6th-Gén.html,
16 Mar 2020 02:07,Tablette Samsung,Rabat,900,categorie/348/PC-bureaux-PC-portables-Tablettes/annonce/8272798/Tablette-Samsung.html,
08 Mar 2020 19:16,Hp rayzen 5 3500u neuf/12ram/500hdd,Rabat,5 000,categorie/348/PC-bureaux-PC-portables-Tablettes/annonce/8264993/hp-rayzen-5-3500u-neuf12ram500hdd.html,
29 Fév 2020 13:25,Hp z800 workstation motherboard,Rabat,1 700,categorie/348/PC-bureaux-PC-portables-Tablettes/annonce/8255839/Hp-z800-workstation-motherboard.html,
27 Fév 2020 12:47,Pc bureau,Rabat,1 000,categorie/348/PC-bureaux-PC-portables-Tablettes/annonce/8253455/Pc-bureau.html,
21 Fév 2020 16:47,SONY VAIO disktop,Rabat,1 900,categorie/348/PC-bureaux-PC-portables-Tablettes/annonce/8246872/SONY-VAIO-disktop.html,
18 Fév 2020 14:06,MacBook Pro 13-Inch 2018 Neuf (Touch Bar),Rabat,20 000,categorie/348/PC-bureaux-PC-portables-Tablettes/annonce/8242380/MacBook-Pro-13-Inch-2018-Neuf-(Touch-Bar).html,
12 Fév 2020 19:14,Ventepc portable,Rabat,1 700,categorie/348/PC-bureaux-PC-portables-Tablettes/annonce/8235801/Ventepc-portable.html,
11 Fév 2020 15:55,Vente d un PC portable,Rabat,1 700,categorie/348/PC-bureaux-PC-portables-Tablettes/annonce/8233451/vente-d-un-PC-portable.html,
26 Jan 2020 18:13,Vente pc portable,Rabat,1 700,categorie/348/PC-bureaux-PC-portables-Tablettes/annonce/8214016/Vente-pc-portable.html,
24 Jan 2020 16:27,HP WorkStation elitebook Neuf .,Rabat,6 999,categorie/348/PC-bureaux-PC-portables-Tablettes/annonce/8212355/HP-WorkStation-elitebook-Neuf.html,
16 Jan 2020 20:13,PC Portable ACCENT,Rabat,2 400,categorie/348/PC-bureaux-PC-portables-Tablettes/annonce/8085223/PC-Portable-ACCENT.html,
16 Jan 2020 17:54,Vente d un PC portable,Rabat,1 700,categorie/348/PC-bureaux-PC-portables-Tablettes/annonce/8203403/vente-d-un-PC-portable.html,
12 Jan 2020 13:55,Pc asus sonic master, i7 ...7th gen,Rabat,4 500,categorie/348/PC-bureaux-PC-portables-Tablettes/annonce/8197413/pc-asus-sonic-master,-i7-7th-gen.html,
09 Jan 2020 17:00,ASUS VivoBook Max,Rabat,1 100,categorie/348/PC-bureaux-PC-portables-Tablettes/annonce/8195326/ASUS-VivoBook-Max.html,
08 Jan 2020 15:51,Hp 6000 pro core 2 duo,Rabat,500,categorie/348/PC-bureaux-PC-portables-Tablettes/annonce/8193892/Hp-6000-pro-core-2-duo.html,
08 Jan 2020 10:29,Pc Portable VivoBook Max,Rabat,1 900,categorie/348/PC-bureaux-PC-portables-Tablettes/annonce/8193078/Pc-Portable-VivoBook-Max.html,
07 Jan 2020 17:56,THINKPAD Yoga 370 core i5-7300U 8GB/256SSD,Rabat,6 000,categorie/348/PC-bureaux-PC-portables-Tablettes/annonce/8192429/THINKPAD-Yoga-370-core-i5-7300U-8GB256SSD.html,
04 Jan 2020 14:19,HP ELITEBOOK 840 G2 I5 5GEN,Rabat,2 900,categorie/348/PC-bureaux-PC-portables-Tablettes/annonce/8189096/HP-ELITEBOOK-840-G2-I5-5GEN.html,
04 Jan 2020 14:19,Station de Travail HP Z400,Rabat,1 800,categorie/348/PC-bureaux-PC-portables-Tablettes/annonce/8189094/Station-de-Travail-HP-Z400.html,
24 Déc 2019 16:28,Ipad,Rabat,2 500,categorie/348/PC-bureaux-PC-portables-Tablettes/annonce/8177316/Ipad.html,
24 Déc 2019 14:03,Tablette Samsung 8 go capacité,Rabat,900,categorie/348/PC-bureaux-PC-portables-Tablettes/annonce/8177206/Tablette-Samsung-8-go-capacité.html,
22 Déc 2019 23:20,Dernier asus i7 1To 8Go de ram,Rabat,5 000,categorie/348/PC-bureaux-PC-portables-Tablettes/annonce/8174849/Dernier-asus-i7-1To-8Go-de-ram.html,
19 Déc 2019 11:32,Dell perecision T5600 remis a neuf 32 core,Rabat,5 000,categorie/348/PC-bureaux-PC-portables-Tablettes/annonce/8170985/Dell-perecision-T5600-remis-a-neuf-32-core.html,
18 Déc 2019 15:48,Dell perecision T5600 remis a neuf 32 core,Rabat,4 000,categorie/348/PC-bureaux-PC-portables-Tablettes/annonce/8170380/Dell-perecision-T5600-remis-a-neuf-32-core.html,
15 Déc 2019 15:14,13-inch MacBook Pro (2017),Rabat,8 000,categorie/348/PC-bureaux-PC-portables-Tablettes/annonce/8165950/13-inch-MacBook-Pro-(2017).html,
28 Fév 2020 19:34,TOSHIBA SATELLITE C55-A-1QE,Safi,2 500,categorie/348/PC-bureaux-PC-portables-Tablettes/annonce/8255307/TOSHIBA-SATELLITE-C55-A-1QE.html,
15 Mar 2020 10:24,Pc bureau Hp i5,Salé,3 800,categorie/348/PC-bureaux-PC-portables-Tablettes/annonce/8272433/Pc-bureau-Hp-i5.html,
06 Mar 2020 18:03,PC PORTABLE I5 HP 4 GENERATION,Salé,2 800,categorie/348/PC-bureaux-PC-portables-Tablettes/annonce/8263401/PC-PORTABLE-I5-HP-4-GENERATION.html,
29 Fév 2020 13:25,Toshiba sattelit i3 4g ram 500g discdur,Salé,1 500,categorie/348/PC-bureaux-PC-portables-Tablettes/annonce/8255851/Toshiba-sattelit-i3-4g-ram-500g-discdur.html,
17 Fév 2020 15:33,Pc hp i7,Salé,2 300,categorie/348/PC-bureaux-PC-portables-Tablettes/annonce/8240941/pc-hp-i7.html,
15 Fév 2020 11:30,Hp 15p-i3 4th (neuf),Salé,2 200,categorie/348/PC-bureaux-PC-portables-Tablettes/annonce/8238534/hp-15p-i3-4th-(neuf).html,
14 Fév 2020 21:14,Pc portable à vendre,Salé,6 000,categorie/348/PC-bureaux-PC-portables-Tablettes/annonce/8238418/pc-portable-à-vendre.html,
22 Jan 2020 16:10,PC Toshiba en très bonne état,Salé,2 000,categorie/348/PC-bureaux-PC-portables-Tablettes/annonce/8209766/PC-Toshiba-en-très-bonne-état.html,
25 Déc 2019 13:12,Asus pc complete,Salé,700,categorie/348/PC-bureaux-PC-portables-Tablettes/annonce/8178355/Asus-pc-complete.html,
23 Déc 2019 20:29,PC PORTABLE HP9480 I5 4EME GENERATION,Salé,2 800,categorie/348/PC-bureaux-PC-portables-Tablettes/annonce/8176384/PC-PORTABLE-HP9480-I5-4EME-GENERATION.html,
23 Jan 2020 11:14,PC,Settat,18 000,categorie/348/PC-bureaux-PC-portables-Tablettes/annonce/8210469/PC.html,
29 Fév 2020 22:00,Accent mini,Tanger,1 850,categorie/348/PC-bureaux-PC-portables-Tablettes/annonce/8256073/Accent-mini.html,
10 Fév 2020 20:18,Mini pc,Tanger,700,categorie/348/PC-bureaux-PC-portables-Tablettes/annonce/8233127/Mini-pc.html,
09 Fév 2020 18:51,Pc portableà vendre,Tanger,950,categorie/348/PC-bureaux-PC-portables-Tablettes/annonce/8231074/Pc-portableà-vendre.html,
09 Fév 2020 18:23,HP Probook i7,Tanger,6 000,categorie/348/PC-bureaux-PC-portables-Tablettes/annonce/8230769/HP-Probook-i7.html,
31 Jan 2020 20:25,Macbook pro touche bar,Tanger,16 500,categorie/348/PC-bureaux-PC-portables-Tablettes/annonce/8221397/Macbook-pro-touche-bar.html,
26 Jan 2020 18:14,Hp pavilion x2,Tanger,1 900,categorie/348/PC-bureaux-PC-portables-Tablettes/annonce/8214041/hp-pavilion-x2.html,
26 Jan 2020 18:12,Macbook pro touche bar 2020,Tanger,17 000,categorie/348/PC-bureaux-PC-portables-Tablettes/annonce/8213440/Macbook-pro-touche-bar-2020.html,
18 Jan 2020 22:18,Dell i7 professionnel,Tanger,2 500,categorie/348/PC-bureaux-PC-portables-Tablettes/annonce/8205574/Dell-i7-professionnel.html,
14 Jan 2020 17:48,HP i7 7ème génération 750 stockage 8 Ram 3h batter,Tanger,7 300,categorie/348/PC-bureaux-PC-portables-Tablettes/annonce/8200465/HP-i7-7ème-génération-750-stockage-8-Ram-3h-batter.html,
02 Jan 2020 10:10,Pc portable HP,Tanger,1 500,categorie/348/PC-bureaux-PC-portables-Tablettes/annonce/8186094/pc-portable-HP.html,
30 Déc 2019 13:15,Dell latitude,Tanger,4 200,categorie/348/PC-bureaux-PC-portables-Tablettes/annonce/8183507/Dell-latitude.html,
30 Déc 2019 13:14,Hp Folio,Tanger,2 600,categorie/348/PC-bureaux-PC-portables-Tablettes/annonce/8183499/Hp-Folio.html,
16 Déc 2019 07:33,Pc portable  sony,Tanger,1 000,categorie/348/PC-bureaux-PC-portables-Tablettes/annonce/8166328/Pc-portable-sony.html,
24 Jan 2020 09:43,Pc acer,Tetouan,800,categorie/348/PC-bureaux-PC-portables-Tablettes/annonce/8211668/Pc-acer.html,
20 Fév 2020 10:21,MacBook pro 2017,Tout le Maroc,7 000,categorie/348/PC-bureaux-PC-portables-Tablettes/annonce/8244670/MacBook-pro-2017.html,
