Aujourd'hui 17:03,Xiaomi Mi Mix 2 (6g-64g 99.99/.100 neuf),Kénitra,1 790,https://www.avito.ma/fr/ouled_oujih/téléphones/Xiaomi_Mi_Mix_2__6g_64g_99_99__100_neuf__33419689.htm,
Aujourd'hui 17:03,R IPhone 11 PRO MAX Réf Gla0N,Rabat,1 399,https://www.avito.ma/fr/agdal/téléphones/R_________IPhone_11_PRO_MAX___Réf_Gla0N_39257775.htm,
Aujourd'hui 17:02,motorola z 1440/2560,Tétouan,1 800,https://www.avito.ma/fr/tétouan/téléphones/motorola_z_1440_2560_39935612.htm,
Aujourd'hui 17:02,huawei mate s,Tanger, ,https://www.avito.ma/fr/tanger/téléphones/huawei_mate_s_39935610.htm,
Aujourd'hui 17:02,IPhone 11 PRO MAX,Safi,1 399,https://www.avito.ma/fr/safi/téléphones/IPhone_11_PRO_____MAX___39254493.htm,
Aujourd'hui 17:01,TE IPhone 11 PRO MAX,Tétouan,1 399,https://www.avito.ma/fr/tétouan/téléphones/TE________IPhone_11_PRO_MAX__39254524.htm,
Aujourd'hui 17:00,Iphone 11 / p30 pro/XS max/Watch/S10 plus/ neuf,Casablanca, ,https://www.avito.ma/fr/maarif/téléphones/Iphone_11___p30_pro_XS_max_Watch_S10_plus__neuf_34439087.htm,
Aujourd'hui 17:00,IPhone 11 pro MAX,Agadir,1 399,https://www.avito.ma/fr/agadir/téléphones/IPhone_11_pro_MAX__39257777.htm,
Aujourd'hui 16:59,M IPhone 11 PRO MAX à Marrakech,Marrakech,1 399,https://www.avito.ma/fr/gueliz/téléphones/M_IPhone_11_PRO_MAX_à_Marrakech_39255028.htm,
Aujourd'hui 16:58,IPhone 11 PRO MAX,Salé,1 399,https://www.avito.ma/fr/salé/téléphones/IPhone_11_PRO_MAX_39254695.htm,
Aujourd'hui 16:57,T IPhone 11 PRO MAX à Marchane,Tanger,1 399,https://www.avito.ma/fr/marchane/téléphones/T______IPhone_11_PRO_MAX_à_Marchane_39255098.htm,
Aujourd'hui 16:56,F IPhone 11 PRO MAX 1399DH,Fès,1 399,https://www.avito.ma/fr/agdal/téléphones/F__IPhone_11_PRO_MAX___1399DH_39266149.htm,
Aujourd'hui 16:55,huawei mate s,Tanger,1 400,https://www.avito.ma/fr/tanger/téléphones/huawei_mate_s_39935561.htm,
Aujourd'hui 16:55,/./ NOIIIR IPHONE 11 PRO MAX NEUVE,Casablanca,1 400,https://www.avito.ma/fr/maarif/téléphones/____NOIIIR_IPHONE_11_PRO_MAX__NEUVE_39266221.htm,
Aujourd'hui 16:52,Iphone 6s plus gris avec 16Gb en trés bon état,Tanger,1 500,https://www.avito.ma/fr/iberie/téléphones/Iphone_6s_plus_gris_avec_16Gb_en_trés_bon_état_39935545.htm,
Aujourd'hui 16:48,Razer Phone 2,Meknès, ,https://www.avito.ma/fr/hamria/téléphones/Razer_Phone_2_39359010.htm,
Aujourd'hui 16:43,infinix note 4,Casablanca,850,https://www.avito.ma/fr/ben_msick/téléphones/infinix_note_4_39878719.htm,
Aujourd'hui 16:41,Smart watch neuve,Casablanca,150,https://www.avito.ma/fr/sidi_moumen/téléphones/Smart_watch_neuve_39811016.htm,
Aujourd'hui 16:36,Samsung A8 2018,Rabat,1 300,https://www.avito.ma/fr/rabat/téléphones/Samsung_A8_2018_39935463.htm,
Aujourd'hui 16:28,iphon 11 red 64 go,Marrakech,6 800,https://www.avito.ma/fr/marrakech/téléphones/iphon_11_red_64_go_39935416.htm,
Aujourd'hui 16:25,Sony Xperia XZ Premium( 4g.64g 99.99/.100 neuf),Kénitra,1 290,https://www.avito.ma/fr/ouled_oujih/téléphones/Sony_Xperia_XZ_Premium__4g_64g_99_99__100_neuf__34364493.htm,
Aujourd'hui 16:24,iphone 6s 32GB ROSE,Casablanca,1 350,https://www.avito.ma/fr/ben_msick/téléphones/iphone_6s_32GB_ROSE_39878518.htm,
Aujourd'hui 16:20,iphon 11 red 64 go,Marrakech, ,https://www.avito.ma/fr/marrakech/téléphones/iphon_11_red_64_go_39935378.htm,
Aujourd'hui 16:19,j 4 n9iya,Fès,900,https://www.avito.ma/fr/fès/téléphones/j_4_n9iya_39935377.htm,
Aujourd'hui 16:18,iPhone 8. Plus,Casablanca,2 000,https://www.avito.ma/fr/anfa/téléphones/iPhone_8__Plus__39935364.htm,
Aujourd'hui 16:14,vivo y91c,Casablanca,900,https://www.avito.ma/fr/casablanca/téléphones/vivo_y91c_39935350.htm,
Aujourd'hui 16:12,Xiaomi Mi 9-T (6g-128 Presque neuf ),Kénitra,2 690,https://www.avito.ma/fr/ouled_oujih/téléphones/Xiaomi_Mi_9_T__6g_128_Presque_neuf___33252060.htm,
Aujourd'hui 16:11,ايفون اكس أر,Casablanca, ,https://www.avito.ma/fr/2_mars/téléphones/ايفون_اكس_أر_39935341.htm,
Aujourd'hui 16:11,Iphone 6s gold rose 32GB,Casablanca,1 400,https://www.avito.ma/fr/ben_msick/téléphones/Iphone_6s_gold_rose_32GB_39449590.htm,
Aujourd'hui 16:10,Lumia 640 lte,Casablanca,300,https://www.avito.ma/fr/ben_msick/téléphones/Lumia_640_lte_39643703.htm,
Aujourd'hui 16:08,Iphone 6s plus,Casablanca,1 600,https://www.avito.ma/fr/casablanca/téléphones/Iphone_6s_plus_39935326.htm,
Aujourd'hui 16:00,prix fix,Casablanca, ,https://www.avito.ma/fr/casablanca/téléphones/prix_fix_39935280.htm,
Aujourd'hui 15:58,Iphone 8 plus,Rabat,4 000,https://www.avito.ma/fr/agdal/téléphones/Iphone_8_plus_39878185.htm,
Aujourd'hui 15:49,huawei p20 lite,Casablanca,1 450,https://www.avito.ma/fr/casablanca/téléphones/huawei_p20_lite_39935178.htm,
Aujourd'hui 15:48,téléphone cassé,Casablanca,900,https://www.avito.ma/fr/casablanca/téléphones/téléphone_cassé_39935173.htm,
Aujourd'hui 15:46,Nokia 2.1 neuf Boîte fermé,Casablanca,550,https://www.avito.ma/fr/derb_ghallef/téléphones/Nokia_2_1_neuf_Boîte_fermé_38545757.htm,
Aujourd'hui 15:32,Xiaomi Mi A2,Marrakech,1 500,https://www.avito.ma/fr/marrakech/téléphones/Xiaomi_Mi_A2__39935027.htm,
Aujourd'hui 15:30,abonnement netflix,Marrakech, ,https://www.avito.ma/fr/marrakech/téléphones/abonnement_netflix__39203976.htm,
Aujourd'hui 15:30,Active 2/p30 pro/iphone 11 pro/S10 plus/S20 plus,Rabat, ,https://www.avito.ma/fr/agdal/téléphones/Active_2_p30_pro_iphone_11_pro_S10_plus_S20_plus_31599436.htm,
Aujourd'hui 15:28,iPhone 7 Plus,Casablanca,3 000,https://www.avito.ma/fr/ain_chock/téléphones/iPhone_7_Plus__39934996.htm,
Aujourd'hui 15:28,iPhone 7 Plus,Youssoufia,3 500,https://www.avito.ma/fr/youssoufia/téléphones/iPhone_7_Plus__39934993.htm,
Aujourd'hui 15:25,Huawei,Agadir, ,https://www.avito.ma/fr/agadir/téléphones/Huawei_39934952.htm,
Aujourd'hui 15:25,IPHONE 11 PRO MAX 64G OFFICIEL EMBALLE // MA7AL,Agadir,12 000,https://www.avito.ma/fr/agadir/téléphones/IPHONE_11_PRO_MAX_64G_OFFICIEL_EMBALLE____MA7AL_39934950.htm,
Aujourd'hui 15:24,Huawei فيه انشقاق صغيرة في الفوق,Agadir,15 000,https://www.avito.ma/fr/agadir/téléphones/Huawei_فيه_انشقاق_صغيرة_في_الفوق_39934943.htm,
Aujourd'hui 15:22,Samsung Galaxy j5.6,Berkane,900,https://www.avito.ma/fr/berkane/téléphones/Samsung_Galaxy_j5_6_39934932.htm,
Aujourd'hui 15:19,Huawei G8,Agadir, ,https://www.avito.ma/fr/agadir/téléphones/Huawei_G8_39934892.htm,
Aujourd'hui 15:17,note 8,Casablanca, ,https://www.avito.ma/fr/casablanca/téléphones/note_8_39934883.htm,
Aujourd'hui 15:16,IPhone 6 noir 16G,Casablanca,700,https://www.avito.ma/fr/sidi_moumen/téléphones/IPhone_6_noir_16G_39934867.htm,
Aujourd'hui 15:13,iphone 8 plus,Agadir,4 500,https://www.avito.ma/fr/agadir/téléphones/iphone_8_plus_39901496.htm,
Aujourd'hui 15:06,Xiaomi Sharck 2 neuf ran 12 Go,Meknès,4 300,https://www.avito.ma/fr/hamria/téléphones/Xiaomi_Sharck_2_neuf_ran_12_Go_39920901.htm,
Aujourd'hui 15:04,Samsung Galaxy A20,Casablanca,1 450,https://www.avito.ma/fr/sidi_moumen/téléphones/Samsung_Galaxy_A20_39934760.htm,
Aujourd'hui 15:04,Samsung A20 s,Temara,1 300,https://www.avito.ma/fr/temara/téléphones/Samsung_A20_s_39934754.htm,
Aujourd'hui 15:02,j56,Marrakech,800,https://www.avito.ma/fr/marrakech/téléphones/j56__39934742.htm,
Aujourd'hui 14:59,iphone 5 16 go Noire,Oujda,500,https://www.avito.ma/fr/cgi/téléphones/iphone_5_16_go_Noire_39934713.htm,
Aujourd'hui 14:58,iphone xr,Rabat,5 100,https://www.avito.ma/fr/rabat/téléphones/iphone_xr_39934705.htm,
Aujourd'hui 14:57,huawei y5 lite,Tanger,700,https://www.avito.ma/fr/tanger/téléphones/huawei_y5_lite_39934700.htm,
Aujourd'hui 14:56,téléphone,Khouribga,400,https://www.avito.ma/fr/khouribga/téléphones/téléphone__39934688.htm,
Aujourd'hui 14:54,téléphone Note 5 hameza,Meknès,1 125,https://www.avito.ma/fr/meknès/téléphones/téléphone_Note_5_hameza__39934669.htm,
Aujourd'hui 14:52,samsung j5 (6),Tanger,700,https://www.avito.ma/fr/tanger/téléphones/samsung_j5__6__39934653.htm,
Aujourd'hui 14:48,Samsung Gear S3 frontier - Presque neuve,Casablanca,1 700,https://www.avito.ma/fr/casablanca/téléphones/Samsung_Gear_S3_frontier___Presque_neuve_39585769.htm,
Aujourd'hui 14:46,PORTABLE DOOGEE Y8 neuf importé,Casablanca,850,https://www.avito.ma/fr/hay_mohammadi/téléphones/PORTABLE_DOOGEE_Y8_neuf_importé_39934602.htm,
Aujourd'hui 14:44,Iphone 8 plus,Mohammedia,6 100,https://www.avito.ma/fr/les_cretes/téléphones/Iphone_8_plus_26869788.htm,
Aujourd'hui 14:44,Iphone 7 et 7 plus,Mohammedia,3 300,https://www.avito.ma/fr/les_cretes/téléphones/Iphone_7_et_7_plus_38040074.htm,
Aujourd'hui 14:43,Galaxy watch active,Mohammedia,1 700,https://www.avito.ma/fr/les_cretes/téléphones/Galaxy_watch_active_37286235.htm,
Aujourd'hui 14:42,A20 s et A30 s,Mohammedia,1 800,https://www.avito.ma/fr/les_cretes/téléphones/A20_s_et_A30_s_37594950.htm,
Aujourd'hui 14:41,Note 8,Mohammedia,5 300,https://www.avito.ma/fr/les_cretes/téléphones/Note_8_30118936.htm,
Aujourd'hui 14:41,A3 2017,Mohammedia,900,https://www.avito.ma/fr/mohammedia/téléphones/A3_2017_39934570.htm,
Aujourd'hui 14:41,Note 9 512g,Mohammedia,6 300,https://www.avito.ma/fr/les_cretes/téléphones/Note_9_512g_30289114.htm,
Aujourd'hui 14:40,Apple watch serie 5,Mohammedia,6 300,https://www.avito.ma/fr/les_cretes/téléphones/Apple_watch_serie_5_37399209.htm,
Aujourd'hui 14:39,Huawei P30 Lite - 4G - 128GB ROM - 4GB RAM,Casablanca,2 000,https://www.avito.ma/fr/casablanca/téléphones/Huawei_P30_Lite___4G___128GB_ROM___4GB_RAM__39934557.htm,
Aujourd'hui 14:39,Samsung s10 plus ceramic,Mohammedia,6 800,https://www.avito.ma/fr/les_cretes/téléphones/Samsung_s10_plus_ceramic_37937742.htm,
Aujourd'hui 14:38,Iphone x,Mohammedia,6 900,https://www.avito.ma/fr/les_cretes/téléphones/Iphone_x_29517139.htm,
Aujourd'hui 14:38,IPhone XS et XS MAX,Mohammedia,8 300,https://www.avito.ma/fr/les_cretes/téléphones/IPhone_XS_et_XS_MAX_30485918.htm,
Aujourd'hui 14:38,Iphone pro max,Mohammedia,13 900,https://www.avito.ma/fr/les_cretes/téléphones/Iphone_pro_max_36978661.htm,
Aujourd'hui 14:37,Iphone 11 et 11 pro,Mohammedia,8 300,https://www.avito.ma/fr/les_cretes/téléphones/Iphone_11_et_11_pro_38040076.htm,
Aujourd'hui 14:37,iphone 8 neuf,Mohammedia,4 700,https://www.avito.ma/fr/les_cretes/téléphones/iphone_8_neuf_38929969.htm,
Aujourd'hui 14:36,Samsung A70 coral,Mohammedia,3 600,https://www.avito.ma/fr/les_cretes/téléphones/Samsung_A70_coral_37937746.htm,
Aujourd'hui 14:36,oppo A5s,Meknès,1 250,https://www.avito.ma/fr/meknès/téléphones/oppo_A5s_39934537.htm,
Aujourd'hui 14:36,Iphone xr,Mohammedia,6 900,https://www.avito.ma/fr/les_cretes/téléphones/Iphone_xr_31567380.htm,
Aujourd'hui 14:35,Apple serie 4,Mohammedia,4 900,https://www.avito.ma/fr/les_cretes/téléphones/Apple_serie_4_32768690.htm,
Aujourd'hui 14:34,A10,Agadir,1 050,https://www.avito.ma/fr/agadir/téléphones/A10_39934526.htm,
Aujourd'hui 14:34,GalaxY A70,Rabat, ,https://www.avito.ma/fr/rabat/téléphones/GalaxY_A70__39934523.htm,
Aujourd'hui 14:30,Huawei P8 Lite 4G - 16Go Rom - 2Go Ram,Casablanca,700,https://www.avito.ma/fr/casablanca/téléphones/Huawei_P8_Lite__4G___16Go_Rom___2Go_Ram__39934505.htm,
Aujourd'hui 14:28,Huawei p smart Z 2019,Meknès,1 850,https://www.avito.ma/fr/meknès/téléphones/Huawei_p_smart_Z_2019_39934483.htm,
Aujourd'hui 14:25,IPHONE XS MAX 256G,El Jadida,7 900,https://www.avito.ma/fr/el_jadida/téléphones/IPHONE_XS_MAX_256G__39934462.htm,
Aujourd'hui 14:25,IPhone 6s PluS 64G,Rabat,2 150,https://www.avito.ma/fr/rabat/téléphones/IPhone_6s_PluS_64G__39934461.htm,
Aujourd'hui 14:23,IPHON XsMax 512Gb,El Jadida,8 200,https://www.avito.ma/fr/el_jadida/téléphones/IPHON_XsMax_512Gb_39934451.htm,
Aujourd'hui 14:22,Samsung A50 4/128 dous,Casablanca,2 000,https://www.avito.ma/fr/casablanca/téléphones/Samsung_A50_4_128_dous_39934442.htm,
Aujourd'hui 14:20,teeno 16 gb 2ram,Tétouan,300,https://www.avito.ma/fr/tétouan/téléphones/teeno_16_gb_2ram_39934437.htm,
Aujourd'hui 14:19,Samsung S10 et S10 plus état neuf,Kénitra, ,https://www.avito.ma/fr/village/téléphones/Samsung_S10_et_S10_plus_état_neuf__39862387.htm,
Aujourd'hui 14:19,Original LA maisom Afficheur j7 pro Garantie,Casablanca,639,https://www.avito.ma/fr/bourgogne/téléphones/Original_LA_maisom_Afficheur_j7_pro_Garantie__39502645.htm,
Aujourd'hui 14:12,Samsung note 10 plus,Casablanca,7 100,https://www.avito.ma/fr/al_fida/téléphones/Samsung_note_10_plus_39876478.htm,
Aujourd'hui 14:12,samsung a80,Marrakech,3 100,https://www.avito.ma/fr/marrakech/téléphones/samsung_a80_39934387.htm,
Aujourd'hui 14:10,vsmart plus,Marrakech,1 350,https://www.avito.ma/fr/marrakech/téléphones/vsmart_plus_39934375.htm,
Aujourd'hui 14:09,S6 32GB / avec empreinte digitale,Casablanca,1 000,https://www.avito.ma/fr/casablanca/téléphones/S6_32GB___avec_empreinte_digitale__39934372.htm,
Aujourd'hui 14:07,Iphone SE official,Casablanca,950,https://www.avito.ma/fr/casablanca/téléphones/Iphone_SE_official_39934354.htm,
Aujourd'hui 14:07,GALAXY NOTE 10,El Jadida,5 500,https://www.avito.ma/fr/el_jadida/téléphones/GALAXY_NOTE_10__39934349.htm,
Aujourd'hui 14:06,zte 64gb 2019,Marrakech,1 300,https://www.avito.ma/fr/marrakech/téléphones/zte_64gb_2019_39934346.htm,
Aujourd'hui 14:05,Samsung A51,Casablanca,2 850,https://www.avito.ma/fr/al_fida/téléphones/Samsung_A51_39876384.htm,
Aujourd'hui 14:03,xz premium duos,Marrakech,1 500,https://www.avito.ma/fr/marrakech/téléphones/xz_premium_duos_39934328.htm,
Aujourd'hui 14:03,Xiaomi Mi 9-SE (64g.6g Noir 99.99/.100 neuf),Kénitra,1 890,https://www.avito.ma/fr/ouled_oujih/téléphones/Xiaomi_Mi_9_SE__64g_6g_Noir_99_99__100_neuf__33393072.htm,
Aujourd'hui 14:03,Galaxy sumsung,Rabat,420,https://www.avito.ma/fr/rabat/téléphones/Galaxy_sumsung__39934313.htm,
Aujourd'hui 14:02,samsung galaxy j5,Agadir,750,https://www.avito.ma/fr/agadir/téléphones/samsung_galaxy_j5_39934305.htm,
Aujourd'hui 14:01,iphon Xs Batterie99,El Jadida,5 900,https://www.avito.ma/fr/el_jadida/téléphones/iphon_Xs_Batterie99_39934300.htm,
Aujourd'hui 14:00,IPHONE 11 PRO MAX,El Jadida, ,https://www.avito.ma/fr/el_jadida/téléphones/IPHONE_11_PRO_MAX_39934284.htm,
Aujourd'hui 14:00,sumsung s4 mini,Fès,270,https://www.avito.ma/fr/fès/téléphones/sumsung_s4_mini_39934282.htm,
Aujourd'hui 13:57,Fanvil X5/X5G Téléphone IP VoIP SIP,Casablanca, ,https://www.avito.ma/fr/centre_ville/téléphones/Fanvil_X5_X5G_Téléphone_IP_VoIP_SIP_38718343.htm,
Aujourd'hui 13:56,huawei y6 prime 2019 n9ii,Meknès,950,https://www.avito.ma/fr/meknès/téléphones/huawei_y6_prime_2019_n9ii_39934265.htm,
Aujourd'hui 13:54,Téléphone IP Cisco 7821 Ref CP-7821-K9,Rabat, ,https://www.avito.ma/fr/hassan/téléphones/Téléphone_IP_Cisco_7821_Ref_CP_7821_K9_39778950.htm,
Aujourd'hui 13:51,iPhone xr 256gb,Casablanca, ,https://www.avito.ma/fr/ain_diab/téléphones/iPhone_xr_256gb_39934224.htm,
Aujourd'hui 13:48,a20,Casablanca,1 300,https://www.avito.ma/fr/casablanca/téléphones/a20_39934212.htm,
Aujourd'hui 13:45,iPhone 7 128Gb excellente etat,Kénitra,2 100,https://www.avito.ma/fr/kénitra/téléphones/iPhone_7_128Gb_excellente_etat_39934192.htm,
Aujourd'hui 13:42,s10 plus 128Gb,Oujda,3 500,https://www.avito.ma/fr/oujda/téléphones/s10_plus_128Gb__39934173.htm,
Aujourd'hui 13:40,Afficheur Samsung Galaxy J4PLUS/J6 PLUS Original,Casablanca,550,https://www.avito.ma/fr/bourgogne/téléphones/Afficheur_Samsung_Galaxy_J4PLUS_J6_PLUS_Original_39492082.htm,
Aujourd'hui 13:39,Samsung s7 normal,Salé,1 300,https://www.avito.ma/fr/salé/téléphones/Samsung_s7_normal_39934163.htm,
Aujourd'hui 13:37,HUAWEI MATE 10 PRO,El Jadida,2 300,https://www.avito.ma/fr/el_jadida/téléphones/HUAWEI_MATE_10_PRO__39934147.htm,
Aujourd'hui 13:34,Xiaomi redmi Note 8 (64g et 32g 99.99/.100 neuf ),Kénitra,1 690,https://www.avito.ma/fr/ouled_oujih/téléphones/Xiaomi_redmi_Note_8__64g_et_32g_99_99__100_neuf___33392435.htm,
Aujourd'hui 13:33,Samsoung j4plus,Oujda,1 000,https://www.avito.ma/fr/hay_lazaret/téléphones/Samsoung_j4plus_39934134.htm,
Aujourd'hui 13:33,Réparation les Afficheurs Samsung Original,Casablanca,100,https://www.avito.ma/fr/anfa/téléphones/Réparation__les_Afficheurs_Samsung_Original_39502640.htm,
Aujourd'hui 13:32,Xiaomi Redmi 7,Marrakech,1 250,https://www.avito.ma/fr/marrakech/téléphones/Xiaomi_Redmi_7__39934128.htm,
Aujourd'hui 13:29,GALAXY NOTE10 PLUS 5G,El Jadida,6 900,https://www.avito.ma/fr/el_jadida/téléphones/GALAXY_NOTE10_PLUS_5G_39934116.htm,
Aujourd'hui 13:27,galaxy A30s,Casablanca,2 000,https://www.avito.ma/fr/casablanca/téléphones/galaxy_A30s_39934101.htm,
Aujourd'hui 13:27,BON ETAT IPHONE XR 64GB OFFICIEL // ANDI MA7AL,Agadir,5 000,https://www.avito.ma/fr/agadir/téléphones/BON_ETAT_IPHONE_XR_64GB_OFFICIEL____ANDI_MA7AL_39934100.htm,
Aujourd'hui 13:25,xiaomi Redmi 6,Marrakech,900,https://www.avito.ma/fr/marrakech/téléphones/xiaomi_Redmi_6__39934088.htm,
Aujourd'hui 13:23,Redmi 5 plus comme neuf,Oujda, ,https://www.avito.ma/fr/oujda/téléphones/Redmi_5_plus_comme_neuf_39934073.htm,
Aujourd'hui 13:22,Iphone X 64gb excellent état,Rabat,4 700,https://www.avito.ma/fr/agdal/téléphones/Iphone_X_64gb_excellent_état_39875736.htm,
Aujourd'hui 13:21,galaxy A70 128G0,El Jadida,2 600,https://www.avito.ma/fr/el_jadida/téléphones/galaxy_A70_128G0_39934069.htm,
Aujourd'hui 13:19,Samsung s8 et s8 plus état neuf,Kénitra, ,https://www.avito.ma/fr/village/téléphones/Samsung_s8_et_s8_plus_état_neuf__39886950.htm,
Aujourd'hui 13:19,XIAOMII Mi9,El Jadida,2 700,https://www.avito.ma/fr/el_jadida/téléphones/XIAOMII_Mi9__39934054.htm,
Aujourd'hui 13:19,galaxy A50,Casablanca,1 900,https://www.avito.ma/fr/casablanca/téléphones/galaxy_A50_39934053.htm,
Aujourd'hui 13:16,galaxy A50 128Go,Casablanca, ,https://www.avito.ma/fr/casablanca/téléphones/galaxy_A50_128Go_39934044.htm,
Aujourd'hui 13:14,samsung j3/6,Kénitra,700,https://www.avito.ma/fr/kénitra/téléphones/samsung_j3_6_39934037.htm,
Aujourd'hui 13:14,SAMSUNG A51,El Jadida,2 800,https://www.avito.ma/fr/el_jadida/téléphones/SAMSUNG_A51__39934036.htm,
Aujourd'hui 13:14,J7 prime,El Jadida,750,https://www.avito.ma/fr/mouilha/téléphones/J7_prime_39934034.htm,
Aujourd'hui 13:10,google pixel,Salé,850,https://www.avito.ma/fr/salé/téléphones/google_pixel__39934024.htm,
Aujourd'hui 13:09,galaxy note 9 128Go,Casablanca,3 500,https://www.avito.ma/fr/casablanca/téléphones/galaxy_note_9_128Go_39934020.htm,
Aujourd'hui 13:09,Galaxy S10plus 512Gb,El Jadida,5 500,https://www.avito.ma/fr/el_jadida/téléphones/Galaxy_S10plus_512Gb__39934016.htm,
Aujourd'hui 13:04,iPhone X 64G Black,Casablanca,4 800,https://www.avito.ma/fr/bournazil/téléphones/iPhone_X_64G_Black_39934003.htm,
Aujourd'hui 13:03,iPhone XR 64Gb,Casablanca,4 600,https://www.avito.ma/fr/bournazil/téléphones/iPhone_XR_64Gb_39933992.htm,
Aujourd'hui 13:01,Xiaomi Redmi Note 6 PRO (4g-64g état comme neuf),Kénitra,1 290,https://www.avito.ma/fr/ouled_oujih/téléphones/Xiaomi_Redmi_Note_6_PRO__4g_64g_état_comme_neuf__33265833.htm,
Aujourd'hui 13:00,IPhone 11 PRO MAX,Rabat,12 800,https://www.avito.ma/fr/hassan/téléphones/IPhone_11_PRO_MAX__37065812.htm,
Aujourd'hui 12:59,NEUF iphone 11 pro 256GB OFFICIEL / MA7AL,Agadir,12 300,https://www.avito.ma/fr/agadir/téléphones/NEUF_iphone_11_pro_256GB_OFFICIEL___MA7AL_39933964.htm,
Aujourd'hui 12:59,Mate20 PRO/11 pro max /Mi/tab S6 /iPhone/oneplus,Casablanca, ,https://www.avito.ma/fr/2_mars/téléphones/Mate20_PRO_11_pro_max__Mi_tab_S6__iPhone_oneplus_29333148.htm,
Aujourd'hui 12:59,iPhone 6s Plus 128Go,Casablanca,2 400,https://www.avito.ma/fr/casablanca/téléphones/iPhone_6s_Plus_128Go_39933960.htm,
Aujourd'hui 12:56,IPhone 11 Pro 64g Original a avec garantie de 1ans,Casablanca, ,https://www.avito.ma/fr/anfa/téléphones/IPhone_11_Pro_64g_Original_a_avec_garantie_de_1ans_39627974.htm,
Aujourd'hui 12:55,EMBALLE IPHONE XR NOIR 64GB OFFICIEL // MA7AL,Agadir,6 500,https://www.avito.ma/fr/agadir/téléphones/EMBALLE_IPHONE_XR_NOIR_64GB_OFFICIEL____MA7AL_39933938.htm,
Aujourd'hui 12:53,TT NEUF IPHONE XS MAX 256G GRAY OFFICIEL // MA7AL,Agadir,8 000,https://www.avito.ma/fr/agadir/téléphones/TT_NEUF_IPHONE_XS_MAX_256G_GRAY_OFFICIEL____MA7AL_39933922.htm,
Aujourd'hui 12:48,Montre connectè Fitbit versa rubit rose gold,Rabat,2 000,https://www.avito.ma/fr/hassan/téléphones/Montre_connectè_Fitbit_versa_rubit_rose_gold_37403562.htm,
Aujourd'hui 12:47,XIAOMI Note 8 Neuf 4 giga 64 boite fermé,Casablanca,1 800,https://www.avito.ma/fr/2_mars/téléphones/XIAOMI_Note_8_Neuf_4_giga_64_boite_fermé_37318611.htm,
Aujourd'hui 12:46,xiaomi redmi note 8,Casablanca,1 800,https://www.avito.ma/fr/casablanca/téléphones/xiaomi_redmi_note_8_39933891.htm,
Aujourd'hui 12:46,XIAOMI NOTE 8 128/6 boite fermee(garantie),Kénitra,2 250,https://www.avito.ma/fr/ouled_oujih/téléphones/XIAOMI_NOTE_8_128_6_boite_fermee_garantie__39917886.htm,
Aujourd'hui 12:46,Téléphone Panasonic Fixe KX-TGB210,Casablanca,300,https://www.avito.ma/fr/2_mars/téléphones/Téléphone_Panasonic_Fixe_KX_TGB210_25476599.htm,
Aujourd'hui 12:45,Panasonic kx-tg1612 duo,Casablanca,450,https://www.avito.ma/fr/2_mars/téléphones/Panasonic_kx_tg1612_duo_25572407.htm,
Aujourd'hui 12:44,Redmi Note 8 boite fermé garantie(prix choc),Kénitra,1 800,https://www.avito.ma/fr/ouled_oujih/téléphones/Redmi_Note_8_boite_fermé_garantie_prix_choc__37370140.htm,
Aujourd'hui 12:44,A20s,Casablanca,1 400,https://www.avito.ma/fr/hay_alfalah/téléphones/A20s_39933880.htm,
Aujourd'hui 12:44,Samsung Galaxy A50 / 4giga 128 neuf,Casablanca,2 750,https://www.avito.ma/fr/2_mars/téléphones/Samsung_Galaxy_A50___4giga_128_neuf_37946161.htm,
Aujourd'hui 12:44,Samsung Galaxy A70 / 6 giga 128 neuf,Casablanca,3 400,https://www.avito.ma/fr/2_mars/téléphones/Samsung_Galaxy_A70___6_giga_128_neuf_37945843.htm,
Aujourd'hui 12:43,Xiaomi Redmi note 7 (prix choc / garantie),Kénitra,1 250,https://www.avito.ma/fr/ouled_oujih/téléphones/Xiaomi_Redmi_note_7__prix_choc___garantie__39434468.htm,
Aujourd'hui 12:43,Samsung galaxy s8 neuf boite fermé noir,Casablanca,3 600,https://www.avito.ma/fr/2_mars/téléphones/Samsung_galaxy_s8_neuf_boite_fermé_noir_33417613.htm,
Aujourd'hui 12:43,OPPO RENO 2 F 8 giga 128 Neuf Boite Férmé,Casablanca,3 700,https://www.avito.ma/fr/2_mars/téléphones/OPPO_RENO_2_F_8_giga_128_Neuf_Boite_Férmé_37979364.htm,
Aujourd'hui 12:43,XIAOMI NOTE 8 PRO 6 giga 128 Neuf Boite Fermé,Casablanca,2 600,https://www.avito.ma/fr/2_mars/téléphones/XIAOMI_NOTE_8_PRO_6_giga_128_Neuf_Boite_Fermé_37320082.htm,
Aujourd'hui 12:43,Xiaomi S2 32/3 GB comme neuf (2mois de garantie ),Kénitra,1 000,https://www.avito.ma/fr/ouled_oujih/téléphones/Xiaomi_S2_32_3_GB_comme_neuf__2mois_de_garantie___39435266.htm,
Aujourd'hui 12:43,Téléphone Fixe Panasonic Trio,Casablanca,900,https://www.avito.ma/fr/2_mars/téléphones/Téléphone_Fixe_Panasonic_Trio_25474947.htm,
Aujourd'hui 12:43,Xiaomi MI A3 64/4 comme neuf (الهمزة ديال بصح),Kénitra,1 500,https://www.avito.ma/fr/ouled_oujih/téléphones/Xiaomi_MI_A3_64_4_comme_neuf__الهمزة_ديال_بصح__39576918.htm,
Aujourd'hui 12:42,REALME XT 8 g RAM et 128g ROM Neuf Boite Fermé,Casablanca,3 200,https://www.avito.ma/fr/2_mars/téléphones/REALME_XT_8_g_RAM_et_128g_ROM_Neuf_Boite_Fermé_39769334.htm,
Aujourd'hui 12:42,Google pixel 2XL 128GB (prix choc /2M gart ),Kénitra,1 950,https://www.avito.ma/fr/ouled_oujih/téléphones/Google_pixel_2XL_128GB__prix_choc__2M_gart___39490138.htm,
Aujourd'hui 12:42,Afficheur Oppo A3S,Casablanca,330,https://www.avito.ma/fr/anfa/téléphones/Afficheur_Oppo_A3S_39933875.htm,
Aujourd'hui 12:42,Galaxy A80 128/8 accesoires,Kénitra,3 800,https://www.avito.ma/fr/ouled_oujih/téléphones/Galaxy_A80_128_8_accesoires_38569675.htm,
Aujourd'hui 12:42,IPhone 8 PLUS presque 99/100 neuf (batterie 91),Kénitra,3 900,https://www.avito.ma/fr/ouled_oujih/téléphones/IPhone_8_PLUS_presque_99_100_neuf__batterie_91__38443431.htm,
Aujourd'hui 12:42,One Plus 7T 128/8GB comme neuf (2mois de garantie),Kénitra,4 900,https://www.avito.ma/fr/ouled_oujih/téléphones/One_Plus_7T_128_8GB_comme_neuf__2mois_de_garantie__39800773.htm,
Aujourd'hui 12:42,ONE PLUS 7 /128Gb (livraison/prix choc),Kénitra,3 200,https://www.avito.ma/fr/ouled_oujih/téléphones/ONE_PLUS_7__128Gb__livraison_prix_choc__38443250.htm,
Aujourd'hui 12:41,Samsung galaxy S10 128/8 (garantie/livraison grat),Kénitra,3 800,https://www.avito.ma/fr/ouled_oujih/téléphones/Samsung_galaxy_S10_128_8__garantie_livraison_grat__36899474.htm,
Aujourd'hui 12:41,Samsung A8(2018) p.neuf ( 2 mois de Garantie),Kénitra,1 500,https://www.avito.ma/fr/ouled_oujih/téléphones/Samsung_A8_2018__p_neuf___2_mois_de_Garantie__38556097.htm,
Aujourd'hui 12:41,Huawie mate 10 pro (offre special),Kénitra,2 000,https://www.avito.ma/fr/ouled_oujih/téléphones/Huawie_mate_10_pro__offre_special__30940543.htm,
Aujourd'hui 12:41,Huawie Mate 20 lite Parfait état (2 Mois garante),Kénitra,1 500,https://www.avito.ma/fr/ouled_oujih/téléphones/Huawie_Mate_20_lite_Parfait_état__2_Mois_garante__33609348.htm,
