Aujourd'hui 12:16,ÿ®Ÿäÿπ Ÿáÿßÿ™ŸÅ Samsung Galaxy G4,Sal√©,800,categorie/359/T√©l√©phones-Portables/annonce/8275183/ÿ®Ÿäÿπ-Ÿáÿßÿ™ŸÅ-Samsung-Galaxy-G4.html,
Hier 12:29,Infinix hot 6,Casablanca,500,categorie/359/T√©l√©phones-Portables/annonce/8266198/Infinix-hot-6.html,
18 Mar 2020 09:41,Iphone 7 plus,Casablanca,2 800,categorie/359/T√©l√©phones-Portables/annonce/8274232/Iphone-7-plus.html,
16 Mar 2020 18:29,Iphone 6s plus /128go,Marrakech,3 000,categorie/359/T√©l√©phones-Portables/annonce/8273517/Iphone-6s-plus-128go.html,
16 Mar 2020 18:28,Infinixe not 4,Casablanca,800,categorie/359/T√©l√©phones-Portables/annonce/8273400/Infinixe-not-4.html,
16 Mar 2020 09:49,Xiaomi Mi 8 lite,Agadir,1 900,categorie/359/T√©l√©phones-Portables/annonce/8272886/Xiaomi-Mi-8-lite.html,
16 Mar 2020 02:07,Samsung S10+,Casablanca,6 000,categorie/359/T√©l√©phones-Portables/annonce/8272805/Samsung-S10.html,
 ,,,, ,
15 Mar 2020 10:25,Samsung Galaxy S10 plus,Mohammedia,7 200,categorie/359/T√©l√©phones-Portables/annonce/8272406/Samsung-Galaxy-S10-plus.html,
14 Mar 2020 20:48,S10 Plus,Casablanca,6 200,categorie/359/T√©l√©phones-Portables/annonce/8272290/S10-Plus.html,
14 Mar 2020 15:20,Infinix S5,Casablanca,1 000,categorie/359/T√©l√©phones-Portables/annonce/8272146/Infinix-S5.html,
14 Mar 2020 13:07,Iphone 6s,K√©nitra,1 650,categorie/359/T√©l√©phones-Portables/annonce/8271920/Iphone-6s.html,
13 Mar 2020 18:14,Chargeur Samsung Fast Charge Original ‚úîÔ∏è,Casablanca,249,categorie/359/T√©l√©phones-Portables/annonce/8271661/Chargeur-Samsung-Fast-Charge-Original-‚úîÔ∏è.html,
13 Mar 2020 10:43,Iphone,Marrakech,,categorie/359/T√©l√©phones-Portables/annonce/8271078/Iphone.html,
12 Mar 2020 10:41,Sony experia z5,Rabat,600,categorie/359/T√©l√©phones-Portables/annonce/8269582/Sony-experia-z5.html,
10 Mar 2020 16:54,Samsung j5 6,Sal√©,700,categorie/359/T√©l√©phones-Portables/annonce/8267754/Samsung-j5-6.html,
10 Mar 2020 16:54,Iphone 5s,Marrakech,800,categorie/359/T√©l√©phones-Portables/annonce/8267619/Iphone-5s.html,
10 Mar 2020 14:52,Iphone 7 32gb,Rabat,1 500,categorie/359/T√©l√©phones-Portables/annonce/8267507/Iphone-7-32gb.html,
10 Mar 2020 13:27,Galaxy s6,Casablanca,600,categorie/359/T√©l√©phones-Portables/annonce/8267327/galaxy-s6.html,
09 Mar 2020 23:20,Oppo A3S,Casablanca,900,categorie/359/T√©l√©phones-Portables/annonce/8266640/Oppo-A3S.html,
09 Mar 2020 20:03,Oppo A3S,Casablanca,1 000,categorie/359/T√©l√©phones-Portables/annonce/8266561/Oppo-A3S.html,
09 Mar 2020 20:03,IPhone 8 64g,F√®s,3 350,categorie/359/T√©l√©phones-Portables/annonce/8266511/IPhone-8-64g.html,
09 Mar 2020 17:55,Iphone X,K√©nitra,5 400,categorie/359/T√©l√©phones-Portables/annonce/8266283/iphone-X.html,
09 Mar 2020 14:18,Xioami redmi note 5,Casablanca,1 400,categorie/359/T√©l√©phones-Portables/annonce/8265187/Xioami-redmi-note-5.html,
09 Mar 2020 11:13,Iphone x,Casablanca,4 700,categorie/359/T√©l√©phones-Portables/annonce/8265606/Iphone-x.html,
09 Mar 2020 11:13,Samsung Galaxy grand prime,Casablanca,600,categorie/359/T√©l√©phones-Portables/annonce/8265249/Samsung-Galaxy-grand-prime.html,
08 Mar 2020 19:17,Tecno pop 1 pro 2018,Settat,850,categorie/359/T√©l√©phones-Portables/annonce/8264711/Tecno-pop-1-pro-2018.html,
 ,,,, ,
08 Mar 2020 19:16,Samsung galaxy note 3 √† vendre,Agadir,900,categorie/359/T√©l√©phones-Portables/annonce/8230746/Samsung-galaxy-note-3-√†-vendre.html,
08 Mar 2020 19:16,Huawei mate 10 lite,Marrakech,1 500,categorie/359/T√©l√©phones-Portables/annonce/8264397/Huawei-mate-10-lite.html,
07 Mar 2020 12:59,Iphone8,Casablanca,2 700,categorie/359/T√©l√©phones-Portables/annonce/8263664/Iphone8.html,
07 Mar 2020 11:46,Apple IPhone XR 64 Go,Casablanca,4 200,categorie/359/T√©l√©phones-Portables/annonce/8264008/Apple-IPhone-XR-64-Go.html,
07 Mar 2020 11:45,Samsung A2 Core,Agadir,950,categorie/359/T√©l√©phones-Portables/annonce/8263653/Samsung-A2-Core.html,
06 Mar 2020 12:34,Iphone 11 pro max,Marrakech,11 200,categorie/359/T√©l√©phones-Portables/annonce/8263057/Iphone-11-pro-max.html,
06 Mar 2020 09:24,PC HP,Casablanca,2 000,categorie/359/T√©l√©phones-Portables/annonce/8262484/PC-HP.html,
05 Mar 2020 14:06,Motorola Moto G5s Plus,Casablanca,,categorie/359/T√©l√©phones-Portables/annonce/8261876/Motorola-Moto-G5s-Plus.html,
04 Mar 2020 09:40,Samsung galaxy j6,Marrakech,900,categorie/359/T√©l√©phones-Portables/annonce/8259768/Samsung-galaxy-j6.html,
04 Mar 2020 09:40,Iphone X 64go,Rabat,4 500,categorie/359/T√©l√©phones-Portables/annonce/8259740/Iphone-X-64go.html,
03 Mar 2020 08:27,Iphone √† vendre,Casablanca,2 200,categorie/359/T√©l√©phones-Portables/annonce/8258453/Iphone-√†-vendre.html,
02 Mar 2020 14:14,IPHONE 7, 64 GB. OR-Rose,Marrakech,2 300,categorie/359/T√©l√©phones-Portables/annonce/8257622/IPHONE-7,-64-GB-OR-Rose.html,
02 Mar 2020 09:55,Iphone 7 √† vendre,Casablanca,2 200,categorie/359/T√©l√©phones-Portables/annonce/8256730/Iphone-7-√†-vendre.html,
02 Mar 2020 09:55,IPhone 6s Plus rose gold,K√©nitra,2 300,categorie/359/T√©l√©phones-Portables/annonce/8256567/IPhone-6s-Plus-rose-gold.html,
01 Mar 2020 10:48,UMIDIGI Power 4 Go/ 64 Go neuf,Casablanca,1 600,categorie/359/T√©l√©phones-Portables/annonce/8256435/UMIDIGI-Power-4-Go-64-Go-neuf.html,
29 F√©v 2020 22:09,J8 khasha la ficheur,Mohammedia,1 000,categorie/359/T√©l√©phones-Portables/annonce/8255961/J8-khasha-la-ficheur.html,
29 F√©v 2020 22:09,IPhone XR  Noir sid√©ral scell√©,Casablanca,7 500,categorie/359/T√©l√©phones-Portables/annonce/8255511/iPhone-XR-Noir-sid√©ral-scell√©.html,
28 F√©v 2020 14:45,Sumsung j7 6,Casablanca,800,categorie/359/T√©l√©phones-Portables/annonce/8254661/Sumsung-j7-6.html,
 ,,,, ,
28 F√©v 2020 11:04,T√©l√©phone A5s jdid,Marrakech,1 300,categorie/359/T√©l√©phones-Portables/annonce/8254549/T√©l√©phone-A5s-jdid.html,
28 F√©v 2020 09:51,Huawei p30 pro,Casablanca,6 800,categorie/359/T√©l√©phones-Portables/annonce/8240945/Huawei-p30-pro.html,
28 F√©v 2020 09:50,OPPO A5s,Marrakech,1 300,categorie/359/T√©l√©phones-Portables/annonce/8254388/OPPO-A5s.html,
28 F√©v 2020 09:50,Iphone 7 icloud,Marrakech,900,categorie/359/T√©l√©phones-Portables/annonce/8254385/iphone-7-icloud.html,
27 F√©v 2020 19:24,Samsung note 8,Sal√©,5 500,categorie/359/T√©l√©phones-Portables/annonce/8254052/Samsung-note-8.html,
26 F√©v 2020 23:40,Infinix hot 6 pro,Tout le Maroc,1 500,categorie/359/T√©l√©phones-Portables/annonce/8253036/Infinix-hot-6-pro.html,
26 F√©v 2020 23:39,Samsung s7,F√®s,1 000,categorie/359/T√©l√©phones-Portables/annonce/8252956/Samsung-s7.html,
25 F√©v 2020 22:16,Samsung Note 5 Neuf,Tanger,1 500,categorie/359/T√©l√©phones-Portables/annonce/8251587/Samsung-Note-5-Neuf.html,
24 F√©v 2020 17:30,IPhone 11 pro max high qualit√©,Casablanca,1 450,categorie/359/T√©l√©phones-Portables/annonce/8249602/iPhone-11-pro-max-high-qualit√©.html,
23 F√©v 2020 17:54,Samsung j6+,Marrakech,1 200,categorie/359/T√©l√©phones-Portables/annonce/8248521/Samsung-j6.html,
23 F√©v 2020 17:51,Sumsung grand prime plus avendre,Marrakech,550,categorie/359/T√©l√©phones-Portables/annonce/8248425/Sumsung-grand-prime-plus-avendre.html,
23 F√©v 2020 17:40,Iphone X,Casablanca,4 800,categorie/359/T√©l√©phones-Portables/annonce/8248464/iphone-X.html,
23 F√©v 2020 17:40,Redmi note 8 chiaomi,Casablanca,320,categorie/359/T√©l√©phones-Portables/annonce/8248458/Redmi-note-8-chiaomi.html,
23 F√©v 2020 17:39,IPhone 11 Pro Max - 256gb,Casablanca,10 500,categorie/359/T√©l√©phones-Portables/annonce/8248310/iPhone-11-Pro-Max-256gb.html,
23 F√©v 2020 17:39,Smartphone  stg telecom x1 ba9a jdida,Berrechid,2 100,categorie/359/T√©l√©phones-Portables/annonce/8248242/smartphone-stg-telecom-x1-ba9a-jdida.html,
22 F√©v 2020 12:36,Telephone huawei y9 prime 2019 arriere cui marron,Casablanca,1 300,categorie/359/T√©l√©phones-Portables/annonce/8247391/telephone-huawei-y9-prime-2019-arriere-cui-marron.html,
21 F√©v 2020 16:05,Samsung a10,Casablanca,850,categorie/359/T√©l√©phones-Portables/annonce/8246559/Samsung-a10.html,
21 F√©v 2020 11:38,Vente IPHONE X 256 Go,Casablanca,3 800,categorie/359/T√©l√©phones-Portables/annonce/8246403/Vente-IPHONE-X-256-Go.html,
21 F√©v 2020 11:37,Airpods,Marrakech,1 100,categorie/359/T√©l√©phones-Portables/annonce/8245947/Airpods.html,
20 F√©v 2020 18:27,Oppo reno mazal ne9i,F√®s,3 700,categorie/359/T√©l√©phones-Portables/annonce/8245751/Oppo-reno-mazal-ne9i.html,
20 F√©v 2020 13:10,Iphone 5se 128 go ios 13,Agadir,1 603,categorie/359/T√©l√©phones-Portables/annonce/8245279/Iphone-5se-128-go-ios-13.html,
20 F√©v 2020 13:10,Iphone xr pro,Casablanca,5 400,categorie/359/T√©l√©phones-Portables/annonce/8245183/iphone-xr-pro.html,
 ,,,, ,
20 F√©v 2020 13:09,Samsung galaxy j5 6 32 go 2 ram,Casablanca,1 000,categorie/359/T√©l√©phones-Portables/annonce/8245138/samsung-galaxy-j5-6-32-go-2-ram.html,
20 F√©v 2020 11:33,Samsung galaxy G 7 pro 64 go jdid,Casablanca,1 200,categorie/359/T√©l√©phones-Portables/annonce/8245122/samsung-galaxy-G-7-pro-64-go-jdid.html,
20 F√©v 2020 11:33,Infinix S3,Oujda,1 000,categorie/359/T√©l√©phones-Portables/annonce/8245080/Infinix-S3.html,
20 F√©v 2020 10:55,Kit invisible Vip Pro Original,Oujda,800,categorie/359/T√©l√©phones-Portables/annonce/8244500/Kit-invisible-Vip-Pro-Original.html,
19 F√©v 2020 11:38,T√©l√©phone portable,Casablanca,2 350,categorie/359/T√©l√©phones-Portables/annonce/8243569/T√©l√©phone-portable.html,
18 F√©v 2020 18:28,Iphone 7,Rabat,2 300,categorie/359/T√©l√©phones-Portables/annonce/8242623/Iphone-7.html,
18 F√©v 2020 18:27,Samung s 8,Casablanca,2 000,categorie/359/T√©l√©phones-Portables/annonce/8242564/Samung-s-8.html,
18 F√©v 2020 18:27,Iphone 6 a vendre,Casablanca,1 500,categorie/359/T√©l√©phones-Portables/annonce/8133068/Iphone-6-a-vendre.html,
18 F√©v 2020 18:27,Samsung a10 √† casablanca,Casablanca,1 400,categorie/359/T√©l√©phones-Portables/annonce/8121322/Samsung-a10-√†-casablanca.html,
18 F√©v 2020 14:10,‚Äé‚ÄéSAMSUNG S4 A VENDRE/REPRISE 16GB 2GB RAM 4G - ÿ≥ÿß,Casablanca,600,categorie/359/T√©l√©phones-Portables/annonce/8242431/‚Äé‚ÄéSAMSUNG-S4-A-VENDREREPRISE-16GB-2GB-RAM-4G-ÿ≥ÿß.html,
18 F√©v 2020 10:58,Iphone X 256 Go √† Vendre,Marrakech,3 800,categorie/359/T√©l√©phones-Portables/annonce/8241533/Iphone-X-256-Go-√†-Vendre.html,
17 F√©v 2020 19:20,S9 plus bleu,Casablanca,3 300,categorie/359/T√©l√©phones-Portables/annonce/8241409/S9-plus-bleu.html,
17 F√©v 2020 19:19,Samsung Galaxy A8,Rabat,1 500,categorie/359/T√©l√©phones-Portables/annonce/8241263/Samsung-Galaxy-A8.html,
17 F√©v 2020 10:32,Iphone x noire 64g,Casablanca,5 500,categorie/359/T√©l√©phones-Portables/annonce/8239814/Iphone-x-noire-64g.html,
17 F√©v 2020 10:30,Samsung Galaxy A80 Neuf,Rabat,4 200,categorie/359/T√©l√©phones-Portables/annonce/8240332/Samsung-Galaxy-A80-Neuf.html,
17 F√©v 2020 10:30,Iphone 6 plus 16 gb,Rabat,1 000,categorie/359/T√©l√©phones-Portables/annonce/8239715/Iphone-6-plus-16-gb.html,
15 F√©v 2020 23:02,Airpods√† vendre,Casablanca,1 100,categorie/359/T√©l√©phones-Portables/annonce/8239086/Airpods√†-vendre.html,
15 F√©v 2020 15:42,Iphone 7 normal 32G üîã95%,Casablanca,2 800,categorie/359/T√©l√©phones-Portables/annonce/8238571/Iphone-7-normal-32G-üîã95.html,
14 F√©v 2020 21:27,IPHONE X 256 GB,Agadir,6 900,categorie/359/T√©l√©phones-Portables/annonce/8238367/IPHONE-X-256-GB.html,
14 F√©v 2020 21:15,IPHONE 8   64 GB,Agadir,3 500,categorie/359/T√©l√©phones-Portables/annonce/8238378/IPHONE-8-64-GB.html,
 ,,,, ,
14 F√©v 2020 21:15,IPHONE 8 PLUS 256 GB,Agadir,5 500,categorie/359/T√©l√©phones-Portables/annonce/8238375/IPHONE-8-PLUS-256-GB.html,
14 F√©v 2020 21:15,IPHONE XS MAX 256 GB,Agadir,8 800,categorie/359/T√©l√©phones-Portables/annonce/8238372/IPHONE-XS-MAX-256-GB.html,
14 F√©v 2020 17:42,Iphone x,Casablanca,4 850,categorie/359/T√©l√©phones-Portables/annonce/8238081/Iphone-x.html,
14 F√©v 2020 15:05,OPPO NEO 7 COMME NOUVEAU,Casablanca,850,categorie/359/T√©l√©phones-Portables/annonce/8237730/OPPO-NEO-7-COMME-NOUVEAU.html,
14 F√©v 2020 15:05,Samsung Galaxy A80 Neuf,Rabat,4 200,categorie/359/T√©l√©phones-Portables/annonce/8237668/Samsung-Galaxy-A80-Neuf.html,
13 F√©v 2020 17:22,Iphon 6 Icloud,Mekn√®s,300,categorie/359/T√©l√©phones-Portables/annonce/8237067/iphon-6-Icloud.html,
13 F√©v 2020 17:21,Huawei y5 lite ŸáŸàÿßŸàŸä,Tanger,900,categorie/359/T√©l√©phones-Portables/annonce/8237021/huawei-y5-lite-ŸáŸàÿßŸàŸä.html,
12 F√©v 2020 20:13,Samsung Galaxy A8 2018,Casablanca,1 500,categorie/359/T√©l√©phones-Portables/annonce/8235836/Samsung-Galaxy-A8-2018.html,
12 F√©v 2020 16:42,T√©l√©phone a vendre,Casablanca,2 000,categorie/359/T√©l√©phones-Portables/annonce/8235646/T√©l√©phone-a-vendre.html,
12 F√©v 2020 16:19,Compte Instagram 10K,Casablanca,400,categorie/359/T√©l√©phones-Portables/annonce/8235561/compte-Instagram-10K.html,
11 F√©v 2020 23:54,Samsunga10,Casablanca,1 300,categorie/359/T√©l√©phones-Portables/annonce/8234595/Samsunga10.html,
11 F√©v 2020 18:02,Iphone 11 gold pro max 256Gb,Marrakech,11 700,categorie/359/T√©l√©phones-Portables/annonce/8234359/Iphone-11-gold-pro-max-256Gb.html,
11 F√©v 2020 17:52,Huawei P30,Casablanca,4 500,categorie/359/T√©l√©phones-Portables/annonce/8234347/Huawei-P30.html,
11 F√©v 2020 17:52,Iphone 7,Mekn√®s,2 200,categorie/359/T√©l√©phones-Portables/annonce/8234331/Iphone-7.html,
